authority_id,community_zip
1,24937
1,24939
1,24941
1,24943
1,24944
2,24103
2,24105
2,24106
2,24107
2,24109
2,24111
2,24113
2,24114
2,24116
2,24118
2,24143
2,24145
2,24146
2,24147
2,24148
2,24149
2,24159
3,23552
3,23554
3,23556
3,23558
3,23560
3,23562
3,23564
3,23566
3,23568
3,23569
3,23570
3,23628
4,24534
4,24536
4,24537
4,24539
4,24548
5,25541
5,25693
5,25704
5,25709
5,25712
5,25715
5,25718
5,25719
5,25721
5,25724
5,25725
5,25727
5,25729
5,25746
5,25761
5,25764
5,25767
5,25770
5,25774
5,25776
5,25779
5,25782
5,25785
5,25786
5,25788
5,25791
5,25792
5,25794
5,25795
5,25797
5,25799
7,23611
7,23617
7,23623
7,23626
7,23629
7,23669
7,23683
7,23684
7,23689
7,23701
7,23714
7,23715
7,23717
7,23730
7,23738
7,23743
7,23744
7,23746
7,23747
7,23749
7,23758
7,23769
7,23774
7,23775
7,23777
7,23779
7,23794
8,22869
8,22880
8,25335
8,25336
8,25337
8,25355
8,25364
8,25365
8,25370
8,25371
8,25373
8,25421
8,25436
8,25451
8,25462
8,25469
8,25474
8,25482
8,25485
8,25488
8,25489
8,25491
8,25492
8,25494
8,25495
8,25497
8,25499
8,27498
10,24376
10,24392
10,24395
10,24399
10,24401
10,24402
10,24404
10,24405
10,24407
10,24409
10,24799
10,24803
10,24817
10,24837
10,24847
10,24848
10,24849
10,24850
10,24852
10,24855
10,24857
10,24860
10,24861
10,24863
10,24864
10,24866
10,24867
10,24869
10,24870
10,24872
10,24873
10,24876
10,24877
10,24878
10,24879
10,24881
10,24882
10,24884
10,24885
10,24887
10,24888
10,24890
10,24891
10,24893
10,24894
10,24896
10,24897
10,24899
10,24955
10,24960
10,24963
10,24966
10,24969
10,24972
10,24975
10,24976
10,24977
10,24980
10,24983
10,24986
10,24988
10,24989
10,24991
10,24992
10,24994
10,24996
10,24997
10,24999
10,25203
10,25879
12,21465
12,21509
12,22113
12,22145
12,22885
12,22889
12,22926
12,22927
12,22929
12,22941
12,22946
12,22949
12,22952
12,22955
12,22956
12,22961
12,22962
12,22964
12,22965
12,22967
12,22969
12,23218
12,23230
12,23309
12,23400
12,23412
12,23538
12,23619
12,23843
12,23845
12,23847
12,23848
12,23858
12,23860
12,23863
12,23869
13,20257
13,20357
13,20359
13,20403
13,22525
13,22547
13,22549
13,22559
13,22587
13,22589
13,22599
13,22605
13,22607
13,22609
13,22708
13,22758
13,22761
13,22763
13,22765
13,22767
13,22769
14,21029
14,21031
14,21033
14,21035
14,21037
14,21039
14,21072
14,22113
15,38179
15,38465
15,38467
15,38468
15,38470
15,38471
15,38472
15,38473
15,38474
15,38476
15,38477
15,38479
15,38481
15,38518
15,38524
15,38527
15,38528
15,38530
15,38531
15,38533
15,38536
15,38539
15,38542
15,38543
15,38547
15,38550
15,38551
15,38553
15,38554
15,38556
15,38557
15,38559
15,38616
16,37444
16,38640
16,38642
16,38644
16,38667
16,38678
16,38685
16,38690
16,38700
16,38704
16,38707
16,38709
16,38723
16,38729
16,38805
17,38154
17,38165
17,38350
17,38364
17,38365
17,38368
17,38372
17,38373
17,38375
17,38376
17,38378
17,38379
17,38381
17,38382
17,38384
17,38387
17,38410
17,38421
17,38422
17,38425
17,38426
17,38458
17,38459
17,38461
17,38462
17,38464
18,37154
18,37162
18,37170
18,37176
18,37181
18,37186
18,37191
18,37194
18,37574
18,37581
18,37586
18,37589
19,31224
19,31226
19,31228
19,31234
19,31237
19,31241
19,31242
19,31246
19,31249
19,31272
19,38159
19,38176
19,38268
20,38162
20,38170
20,38173
20,38271
20,38272
20,38274
20,38275
20,38277
20,38279
20,38300
20,38301
20,38302
20,38304
20,38312
20,38315
20,38319
20,38321
20,38322
20,38324
20,38325
20,38327
20,38329
21,31848
21,31855
21,31856
21,31860
21,31863
22,31008
22,31028
22,31029
22,31033
22,31035
22,31036
22,31061
22,31079
22,31084
22,31089
22,31101
22,31132
22,31134
22,31135
22,31137
22,31139
22,31141
22,31157
22,31162
22,31167
22,31168
22,31169
22,31171
22,31172
22,31174
22,31177
22,31179
22,31180
22,31185
22,31188
22,31191
22,31192
22,31195
22,31196
22,31199
22,31201
22,31213
22,31216
22,31223
23,31073
23,31868
23,32030
23,32040
23,37603
23,37619
23,37620
23,37627
23,37632
23,37633
23,37635
23,37639
23,37640
23,37642
23,37643
23,37647
23,37649
23,37691
23,37697
23,37699
23,37969
23,38015
24,27318
24,27324
24,27333
24,31547
24,31550
24,31582
24,31592
24,31595
24,31600
24,31603
24,31604
24,31606
24,31608
24,31609
24,31613
24,31618
24,31619
24,31621
24,31622
24,31623
24,31626
24,31627
24,31628
24,31629
24,31632
24,31633
24,31634
24,31636
24,31637
24,31638
25,31542
25,31552
25,31553
25,31555
25,31556
25,31558
25,31559
25,31655
25,31657
25,31667
25,31675
25,31683
25,31685
25,31688
25,31691
25,31693
25,31698
25,31699
25,31700
25,31702
25,31707
25,31708
25,31710
25,31711
25,31712
25,31714
25,31715
25,31717
25,31718
25,31719
25,31737
25,31749
25,31867
27,27711
27,27717
27,27721
27,27726
27,27729
27,28790
27,28799
27,28865
27,28879
27,29000
28,27356
28,27367
28,27374
28,27383
28,27386
28,27389
28,27404
28,27412
28,27419
28,27432
28,27442
28,27446
29,27336
29,29614
29,29633
29,29640
29,29643
29,29646
29,29649
29,29663
29,29664
29,29683
29,29690
29,29693
29,29699
29,29953
29,30000
29,30126
29,30129
29,30148
29,30149
29,30156
30,21614
30,21623
30,21635
30,21640
30,21641
30,21643
30,21644
30,21680
30,21682
30,21683
30,21684
30,21698
30,21699
30,21702
30,21706
30,21709
30,21710
30,21712
30,21714
30,21717
30,21720
30,21723
30,21726
30,21727
30,21729
30,21730
30,21732
30,21734
30,21737
30,21739
30,27449
31,29389
31,29394
31,29439
31,29445
31,29451
31,29456
31,29459
31,29460
31,29462
31,29465
31,29468
31,29471
31,29472
31,29473
31,29475
31,29476
31,29478
31,29479
32,49734
32,49735
32,49740
32,49744
32,49747
32,49751
32,49757
32,49762
32,49763
32,49764
32,49765
32,49767
32,49768
32,49770
32,49774
32,49777
32,49779
32,49786
32,49789
32,49808
32,49809
32,49810
32,49811
32,49832
32,49838
32,49844
33,26316
33,26340
33,26345
33,26419
33,26420
33,26434
33,26441
33,26452
33,26486
34,48455
34,48465
34,48527
34,48529
34,48531
34,49824
34,49828
34,49829
34,49835
34,49843
34,49846
34,49847
34,49849
34,50102
34,50115
34,50120
35,26670
35,26757
35,26789
35,26802
35,26810
35,26817
35,26826
35,26831
35,26835
35,26842
35,26844
35,26845
35,26847
35,26849
35,26870
36,26197
36,26203
36,26209
36,27243
36,27777
36,27793
36,27798
36,27801
37,49074
37,49076
37,49078
37,49080
37,49082
37,49084
37,49086
37,49088
37,49090
37,49124
37,49134
37,49143
37,49152
37,49163
37,49170
37,49176
37,49179
37,49186
37,49191
37,49196
37,49197
37,49201
37,49202
37,49205
37,49214
37,49219
37,49279
37,49304
37,49324
37,49326
37,49328
37,49565
37,49577
37,49584
37,49585
37,49586
37,49593
37,49594
37,49596
37,49597
37,49599
37,49610
37,49626
37,49635
37,49637
37,49638
39,34117
39,34119
39,34121
39,34123
39,34125
39,34127
39,34128
39,34130
39,34131
39,34132
39,34134
39,34225
39,34233
39,34246
39,34253
39,34260
39,34266
39,34270
39,34277
39,34289
39,34292
39,34298
39,34308
39,34311
39,34314
39,34317
39,34320
39,34329
39,34359
39,34369
39,34376
39,34379
39,34385
39,34388
39,34393
39,34396
39,34399
39,34401
39,34403
39,34466
39,34479
39,34482
39,34487
39,37194
40,36037
40,36039
40,36041
40,36042
40,36043
40,36088
40,36093
40,36100
40,36103
40,36115
40,36119
40,36124
40,36129
40,36132
40,36137
40,36142
40,36145
40,36148
40,36151
40,36154
40,36157
40,36160
40,36163
40,36167
40,36169
40,36364
41,36166
41,36179
41,36199
41,36208
41,36211
41,36214
41,36217
41,36219
41,36251
41,36259
41,36266
41,36269
41,36272
41,36275
41,36277
41,36282
41,36284
41,36286
41,36287
41,36289
42,34212
42,34281
42,34286
42,34295
42,34302
42,34305
42,34323
42,34326
42,34327
42,34560
42,34576
42,34582
42,34587
42,34590
42,34593
42,34596
42,34599
42,34613
42,34621
42,34626
42,34628
42,34630
42,34632
42,34633
42,34637
42,34639
42,34701
42,35001
42,35002
42,35034
42,36280
43,34454
43,34460
43,34471
43,34474
43,34477
43,34497
43,34508
43,34513
43,34516
43,34519
43,34537
43,34545
43,34549
43,35066
43,35088
43,35099
43,35100
43,35104
43,35108
43,35110
43,35114
43,35116
43,35119
43,35124
43,35128
43,35157
43,35201
43,35285
43,59969
43,60010
43,60038
43,60303
44,36205
44,37213
44,37214
44,37215
44,37216
44,37217
44,37218
44,37235
44,37242
44,37247
44,37249
44,37269
44,37276
44,37281
44,37284
44,37287
44,37290
44,37293
44,37296
44,37297
44,37299
45,56112
45,56130
45,56132
45,56133
45,56145
45,56337
45,56338
45,56340
45,56341
45,56346
45,56348
45,56349
45,56355
45,56357
45,56368
45,56370
45,56377
45,56379
45,65391
45,65558
45,65582
45,65585
45,65623
45,65624
45,65626
45,65629
46,55442
46,55444
46,55450
46,55452
46,55453
46,55543
46,55544
46,55545
46,55546
46,55555
46,55559
46,55566
46,55567
46,55568
46,55569
46,55571
46,55576
46,55583
46,55585
46,55590
46,55592
46,55593
46,55595
46,55596
46,55606
46,55608
46,55618
46,55619
46,55621
46,55627
46,55629
46,67744
46,67823
46,67824
46,67826
46,67827
46,67829
46,67846
46,68074
46,68123
46,68127
46,68128
46,68129
47,53424
47,53426
47,53467
47,53474
47,53489
47,53494
47,53498
47,53501
47,53505
47,53506
47,53507
47,53508
47,53518
47,53520
47,53533
47,53534
47,56651
47,56653
47,56656
47,56659
47,56674
47,56702
47,56745
47,56746
47,56749
47,56750
48,54298
48,54310
48,54529
48,54533
48,54595
48,54597
48,54608
48,54610
48,54612
48,54614
48,54616
48,54617
48,54619
48,54634
48,54636
48,54646
48,54647
48,54649
48,54655
48,54657
48,54662
48,54664
48,54666
48,54668
48,54669
48,54673
48,54675
48,54687
48,54689
48,54800
48,55001
48,55018
48,55109
48,55111
48,55112
49,56253
49,56254
49,56290
49,56754
49,56759
49,56761
49,56766
49,56812
49,56814
49,56818
49,56820
49,56821
49,56823
49,56825
49,56826
49,56828
49,56829
49,56835
49,56856
49,56858
49,56859
49,56862
49,56864
49,56865
49,56867
50,53520
50,53539
50,54550
50,54552
50,54558
50,54568
50,54570
50,54574
50,54576
50,54578
50,54579
50,54584
50,54585
50,54586
50,54587
50,54589
50,54597
50,54611
50,56766
50,56767
50,56769
51,67360
51,67361
51,67363
51,67365
51,67366
51,67368
51,67369
51,67378
51,67390
51,67400
51,67417
51,76726
51,76744
51,76751
51,76756
51,76761
51,76764
51,76767
51,76768
51,76770
51,76771
51,76773
51,76774
51,76776
51,76777
51,76779
51,76798
51,76828
51,76870
51,76872
51,76879
52,54422
52,55483
52,55608
52,55624
52,55626
52,55743
52,55756
52,55758
52,55765
52,55767
52,55768
52,55774
52,55776
52,55777
52,55779
52,56027
53,66849
53,66851
53,66862
53,66877
53,66879
53,66882
53,66892
53,66894
53,67468
53,67655
53,67657
53,67659
53,67661
53,67663
53,67677
53,67678
53,67680
53,67681
53,67685
53,67686
53,67688
53,67689
53,67691
53,67693
53,67697
53,67699
53,67700
53,67701
53,67705
53,67706
53,67707
53,67731
53,67732
53,67734
53,67735
53,67737
54,67292
54,67294
54,67295
54,67297
54,67300
54,67304
54,67305
54,67307
54,67308
54,67681
54,67722
54,67724
54,67725
54,67727
54,67728
54,67729
54,67744
54,67759
54,67806
54,67808
54,67811
54,67813
54,67814
54,67816
54,67817
54,67819
54,67821
54,67822
54,67823
55,56068
55,56070
55,56072
55,56073
55,56075
55,56076
55,56077
55,56170
55,56179
55,56182
55,56191
55,56218
55,56220
55,56283
55,56290
55,56294
55,56295
55,56299
55,56301
55,56321
55,56322
55,56323
55,56330
55,56332
55,56333
55,56575
55,56626
55,56630
55,56637
55,56642
55,56645
55,56648
55,56727
55,56729
55,56736
55,56743
55,56745
55,56751
55,56753
56,66869
56,66871
56,66879
56,66885
56,66887
56,66901
56,66903
56,66904
56,66907
56,66909
56,66914
56,66916
56,67742
56,67744
56,67745
56,67746
56,67748
56,67749
56,67752
56,67753
56,67754
56,67756
56,67757
56,67759
57,67377
57,67480
57,67482
57,67483
57,67487
57,67489
57,67529
57,76829
57,76831
57,76833
57,76835
57,76855
57,76857
57,76863
57,76865
57,76877
57,76879
57,76887
57,76889
58,67059
58,67061
58,67063
58,67065
58,67067
58,67069
58,67071
58,67087
58,67105
58,67110
58,67112
58,67117
58,67122
58,67125
58,67126
58,67127
58,67133
58,67134
58,67136
58,67141
58,67165
58,67166
58,67227
58,67240
58,67245
58,67258
58,67259
58,67346
58,67348
58,67350
58,67354
58,67373
58,67374
58,67376
58,67459
59,55116
59,55118
59,55120
59,55122
59,55123
59,55124
59,55126
59,55127
59,55128
59,55129
59,55130
59,55131
59,55132
59,55133
59,55191
59,55218
59,55219
59,55257
59,55262
59,55263
59,55267
59,55268
59,55270
59,55271
59,55276
59,55278
59,55283
59,55294
59,55296
59,55299
59,55399
59,55411
59,55413
59,55422
59,55424
59,55425
59,55435
59,55437
59,55457
59,55459
59,55463
59,55576
59,55578
59,55579
59,67583
59,67585
59,67586
59,67587
60,56203
60,56204
60,56206
60,56235
60,56237
60,56242
60,56244
60,56249
60,56271
60,56335
60,56337
60,56410
60,56412
60,56414
60,56422
60,56424
60,56427
60,56428
60,56457
60,56459
60,56462
60,56469
60,56470
60,56472
60,56477
60,56479
60,56495
60,56546
60,57520
60,57583
60,57612
60,57614
60,57627
60,57629
60,57642
60,57644
60,57645
60,57647
60,57648
60,57720
60,57930
60,57990
60,58000
60,58068
61,67098
61,67100
61,67146
61,67147
61,67149
61,67150
61,67152
61,67153
61,67157
61,67158
61,67159
61,67160
61,67161
61,67167
61,67169
61,67170
61,67181
61,67200
61,67229
61,67230
61,67246
61,67250
61,67251
61,67256
61,67269
61,67271
61,67273
61,67278
61,67280
61,67281
61,67283
61,67284
61,67310
61,67311
61,67313
61,67316
61,67317
61,67319
61,67322
61,67331
61,67433
61,67434
61,67435
61,67454
61,67466
61,67468
61,67471
61,67472
61,67473
61,67475
62,53545
62,53547
62,53557
62,53560
62,53562
62,53567
62,53572
62,53575
62,53577
62,53578
62,53579
62,53589
62,53619
62,56269
62,56271
62,56276
62,56305
62,56307
62,56316
62,56317
62,56564
62,56566
62,56567
62,56579
62,56581
62,56584
62,56587
62,56588
62,56589
62,56598
62,56599
62,56602
62,56620
62,57614
62,57639
63,66482
63,66484
63,66497
63,66500
63,66501
63,66503
63,66504
63,66506
63,66507
63,66509
63,66529
63,66851
63,66894
63,66917
63,66919
63,66953
63,66954
63,66955
63,66957
63,66969
63,66976
63,66978
63,66981
63,66987
63,66989
63,66994
63,66996
63,66999
63,67000
63,67714
63,67715
63,67716
63,67718
63,76846
63,76848
63,76891
63,77138
63,77320
63,77338
64,55430
64,55432
64,55469
64,55471
64,55475
64,55481
64,55483
64,55487
64,55490
64,55491
64,55494
64,55496
64,55497
64,55499
64,55509
64,56154
64,56281
64,56283
64,56288
64,56290
64,56291
64,56329
64,56850
64,56851
64,56858
64,56869
64,57069
65,54290
65,54292
65,54293
65,54294
65,54295
65,54296
65,54298
65,54306
65,54308
65,54309
65,54310
65,54311
65,54313
65,54314
65,54316
65,54317
65,54318
65,54320
65,54329
65,54331
65,54332
65,54338
65,54340
65,54341
65,54343
65,54344
65,54346
65,54349
65,54411
65,54413
65,54421
65,54422
65,54427
65,54429
65,54438
65,54439
65,54441
65,54450
65,54451
65,54453
65,54455
65,54456
65,54457
65,54459
65,54468
66,54347
66,54411
66,54424
66,54425
66,54426
66,54470
66,54472
66,54483
66,54484
66,54486
66,54487
66,54492
66,54497
66,54498
66,54508
66,54516
66,54518
66,54523
66,54524
66,54526
66,54528
66,54531
66,54533
66,54534
66,54536
66,54538
66,54539
66,56841
66,56842
66,56843
66,56850
66,56851
66,56861
67,55232
67,55234
67,55237
67,55239
67,55286
67,55288
67,55291
67,55578
67,55579
67,55597
67,55599
67,67294
67,67547
67,67549
67,67550
67,67551
67,67574
67,67575
67,67577
67,67578
67,67580
67,67582
67,67590
67,67591
67,67592
67,67593
67,67595
67,67596
67,67598
67,67599
67,67620
67,67630
67,67653
68,51598
68,51603
68,51605
68,51607
68,51641
68,56472
68,56593
68,56594
68,57518
68,57520
68,57537
68,57539
68,57541
68,57548
68,57550
68,57555
68,57557
68,57562
68,57567
68,57570
68,57572
68,57577
68,57578
68,57580
68,57581
68,57583
68,57584
68,57586
68,57587
68,57589
68,57610
68,57612
68,57614
68,57629
68,57632
68,57635
68,57636
68,57638
68,57641
69,70173
69,70174
69,70176
69,70178
69,70180
69,70182
69,70184
69,70186
69,70188
69,70190
69,70191
69,70192
69,70193
69,70194
69,70195
69,70197
69,70199
69,70327
69,70329
69,70372
69,70374
69,70376
69,70378
69,70435
69,70437
69,70439
69,70469
69,70499
69,70563
69,70565
69,70567
69,70569
69,70588
69,70597
69,70599
69,70619
70,71032
70,71034
70,71063
70,71065
70,71067
70,71069
70,71074
70,71083
70,71088
70,71093
70,71101
70,71106
70,71111
70,71116
70,71120
70,71126
70,71131
70,71134
70,71139
70,71144
70,71149
70,71154
70,71155
70,71157
70,71159
70,71229
70,71263
70,71272
70,71277
70,71287
70,75392
71,70629
71,70731
71,70771
71,70794
71,72622
71,72631
71,72636
71,72639
71,72641
71,72644
71,72649
71,72654
71,72655
71,72657
71,72658
71,72660
71,72663
71,72664
71,72666
71,72667
71,72669
71,73207
71,73230
71,73232
71,73235
71,73240
71,73247
71,73249
71,73250
71,73252
71,73257
71,73262
71,73265
71,73266
71,73268
71,73269
71,73271
71,73272
71,73274
71,73275
71,73277
71,73666
71,73669
71,73720
71,73723
71,73728
71,73729
71,73730
71,73732
71,73733
71,73734
71,73757
71,73760
71,73765
71,73770
71,73773
71,73776
71,73779
71,74001
71,74013
71,74026
71,74031
72,73033
72,73035
72,73037
72,73045
72,73049
72,73054
72,73057
72,73061
72,73066
72,73072
72,73079
72,73083
72,73084
72,73087
72,73092
72,73095
72,73098
72,73099
72,73101
72,73102
72,73104
72,73105
72,73107
72,73108
72,73110
72,73111
72,73113
72,73114
72,73116
72,73117
72,73119
72,73150
72,73278
72,73312
72,73326
72,73329
72,73333
72,73334
72,73337
72,73342
72,73344
72,73345
72,73347
72,73349
72,73421
72,73428
72,89558
73,70806
73,70825
73,70839
73,71254
73,71282
73,71563
73,71634
73,71636
73,71638
73,71640
73,71642
73,71655
73,71665
73,71672
73,71679
73,71681
73,71686
73,71691
73,71696
73,71701
73,71706
73,71711
73,71720
73,71723
73,71726
73,71729
73,71732
73,71735
73,71739
73,71834
73,72000
73,72027
73,72030
73,74321
73,74343
73,74344
73,74354
73,74357
73,74366
73,74369
73,74372
73,74376
73,74379
73,74385
73,74391
73,74392
73,74394
73,74395
73,74399
74,70734
74,70736
74,70749
74,71332
74,71334
74,71336
74,71364
74,71384
74,71394
74,71397
74,71404
74,71409
74,71522
74,71540
74,71546
74,71549
74,71554
74,71560
74,71566
74,71570
74,71573
74,71576
74,71577
74,71579
74,71603
74,71737
74,73553
74,73555
74,73614
74,73630
74,73635
74,73642
74,73650
74,73655
74,73660
74,73663
74,73667
75,74072
75,74074
75,74076
75,74078
75,74080
75,74081
75,74100
76,71543
76,71717
76,74172
76,74177
76,74182
76,74189
76,74190
76,74193
76,74196
76,74199
76,74206
76,74211
76,74219
76,74221
76,74223
76,74226
76,74229
76,74232
76,74235
76,74239
76,74243
76,74245
76,74246
76,74248
76,74249
76,74251
76,74252
76,74254
76,74255
76,74257
76,74259
76,74336
76,74338
76,74348
76,74360
76,74361
76,74363
76,74374
76,74382
76,74383
76,74388
76,74389
76,74397
76,74831
76,74861
76,74906
76,74908
76,74912
76,74930
76,74936
76,75031
76,75035
76,75050
77,74214
77,74238
77,74613
77,74626
77,74629
77,74632
77,74635
77,74638
77,74639
77,74653
77,74670
77,74673
77,74676
77,74677
77,74679
78,74405
78,74420
78,74423
78,74424
78,74426
78,74427
78,74429
78,74503
78,74505
78,74507
78,74523
78,74532
78,74535
78,74536
78,74538
78,74541
78,74542
78,74544
78,74545
78,74547
78,74549
78,74564
78,74572
78,74575
78,74579
78,74582
78,74585
78,74586
78,74589
78,74592
78,74594
78,74595
78,74597
78,74599
78,74610
79,74744
79,97877
79,97896
79,97900
79,97922
79,97941
79,97943
79,97944
79,97947
79,97950
79,97953
79,97956
79,97957
79,97959
79,97980
79,97989
79,97990
79,97993
79,97996
79,97999
79,98000
79,98024
79,98122
79,98250
79,98312
79,98503
80,89168
80,89518
80,89520
80,89521
80,89522
80,89527
80,89537
80,89542
80,89547
80,89551
80,89555
80,89561
80,89564
80,89567
80,89568
81,73430
81,73431
81,73432
81,73433
81,73434
81,73441
81,73447
81,73450
81,73453
81,73457
81,73460
81,73463
81,73466
81,73467
81,73469
81,73479
81,73485
81,73486
81,73488
81,73489
81,73491
81,73492
81,73494
81,73495
81,73497
81,73499
81,73510
81,73525
81,73527
81,73529
81,73540
81,73542
81,73547
81,73550
81,73557
81,73560
81,73563
81,73565
81,73566
81,73568
81,73569
81,73571
81,73572
81,73574
81,73575
81,73577
81,73579
81,74417
82,68753
82,68755
82,68794
82,75015
82,75018
82,75038
82,75045
82,75053
82,75056
82,75057
82,75059
82,75090
82,76131
82,76133
82,76135
82,76137
82,76139
82,76149
82,76150
82,76185
82,76187
82,76189
82,76199
82,76227
82,76228
82,76229
82,76230
82,76275
82,76276
82,76287
82,76289
82,76297
82,76307
82,76316
82,76327
82,76337
82,76344
82,76351
82,76356
82,76359
82,76434
82,76646
82,76661
82,76666
82,76669
82,76676
82,76684
82,76689
82,76694
82,76698
82,76703
82,76706
82,76707
82,76709
83,76437
83,76448
83,76456
83,76461
83,76467
83,76470
83,76473
83,76474
83,76476
83,76477
83,76479
83,76522
83,76530
83,76532
83,76534
83,76547
83,76549
83,76571
83,76593
83,76596
83,76597
83,76599
83,77815
83,77830
83,77833
83,77836
83,77839
84,68159
84,68161
84,68163
84,68165
84,68167
84,68169
84,68180
84,68199
84,68200
84,68219
84,68229
84,68239
84,68259
84,68273
84,68300
84,68305
84,68307
84,68309
84,68320
84,68330
85,69427
85,69429
85,69430
85,69437
85,69439
85,69465
85,74706
85,74722
85,74731
85,74736
85,74740
85,74743
85,74746
85,74747
85,74749
85,74812
85,74821
85,74834
85,74838
85,74842
85,74847
85,74850
85,74855
85,74858
85,74862
85,74864
85,74865
85,74867
85,74869
85,74871
85,74928
86,64754
86,64757
86,68526
86,68535
86,68542
86,68549
86,68562
86,68600
86,68723
86,68740
86,68749
86,68766
86,68775
86,68782
86,68789
86,68799
86,68801
86,68804
86,68809
86,69036
86,69079
86,69115
86,69117
86,69118
86,69120
86,69121
86,69123
86,69124
86,69126
86,69151
86,69155
86,69168
86,69169
86,69181
86,69190
86,69198
86,69207
86,69214
86,69221
86,69226
86,69231
86,69234
86,69242
86,69245
86,69250
86,69251
86,69253
86,69254
86,69256
86,69257
86,69259
86,69412
86,69424
86,69434
86,69436
86,69469
86,69493
86,69502
86,69514
86,74889
86,74898
86,74909
86,74915
86,74918
86,74921
86,74924
86,74925
86,74927
86,74931
86,74933
86,74934
86,74937
86,74939
86,75002
86,75008
86,75014
87,72202
87,72213
87,72215
87,72216
87,72218
87,72221
87,72224
87,72226
87,72227
87,72229
87,72231
87,75323
87,75328
87,75329
87,75335
87,75337
87,75339
87,75365
87,75375
87,75378
87,75380
87,75382
87,75385
87,75387
87,75389
87,75391
87,75394
87,75395
87,75397
87,75399
87,75415
87,76332
88,71292
88,71296
88,71297
88,71299
88,75172
88,75173
88,75175
88,75177
88,75179
88,75180
88,75181
88,75196
88,75203
88,75210
88,75217
88,75223
88,75228
88,75233
88,75236
88,75239
88,75242
88,75245
88,75248
88,75249
88,75303
88,75305
88,75331
88,75334
88,75417
88,75428
88,75433
88,75437
88,75438
88,75443
88,75446
88,75447
88,75449
88,76060
88,76100
88,76128
89,72160
89,72178
89,72180
89,72184
89,72186
89,72250
89,72270
89,72275
89,72280
89,72285
89,72286
89,72290
89,72293
89,72294
89,72296
89,72297
89,72299
89,72301
89,77776
89,77777
90,79098
90,79100
90,79102
90,79104
90,79106
90,79108
90,79110
90,79111
90,79112
90,79114
90,79115
90,79117
90,79126
90,79189
90,79194
90,79199
90,79206
90,79219
90,79221
90,79224
90,79227
90,79229
90,79231
90,79232
90,79235
90,79238
90,79241
90,79244
90,79249
90,79252
90,79254
90,79256
90,79258
90,79268
90,79271
90,79272
90,79274
90,79280
90,79282
90,79283
90,79285
90,79286
90,79288
90,79289
90,79291
90,79292
90,79294
90,79295
90,79299
90,79356
90,79379
90,79385
90,79395
90,79410
90,79423
90,79424
90,79426
90,79427
90,79822
90,79834
90,79843
90,79853
90,79856
90,79859
90,79868
90,79871
90,79874
90,79877
91,79183
91,79211
91,79215
91,79261
91,79263
91,79266
91,79276
91,79279
91,79297
91,79312
91,79326
91,79331
91,79336
91,79341
91,79346
91,79348
91,79350
91,79353
91,79359
91,79361
91,79362
91,79364
91,79365
91,79367
91,79369
92,77652
92,77654
92,77656
92,77694
92,77704
92,77709
92,77716
92,77723
92,77728
92,77731
92,77736
92,77740
92,77743
92,77746
92,77749
92,77756
92,77767
92,77770
92,77781
92,77784
92,77787
92,77790
92,77791
92,77793
92,77794
92,77796
92,77797
92,77799
92,77855
92,77866
92,77871
92,77876
92,77880
92,77883
92,77886
92,77887
92,77889
92,77933
92,77948
92,77955
92,77960
92,77963
92,77966
92,77971
92,77972
92,77974
92,77975
92,77977
92,77978
92,78132
93,72172
93,72175
93,72189
93,77761
93,77773
93,78144
93,78628
93,78652
93,78655
93,78658
93,78661
93,78662
93,78664
93,78667
93,78668
93,78669
93,78713
93,78727
93,78730
93,78733
93,78736
93,78737
93,78739
94,78048
94,78050
94,78052
94,78054
94,78056
94,78064
94,78065
94,78073
94,78078
94,78079
94,78083
94,78086
94,78087
94,78089
94,78098
94,78112
94,78120
94,78126
94,78136
94,78141
94,78147
94,78148
94,78166
94,78176
94,78183
94,78199
94,78609
95,78187
95,78194
95,78532
95,78549
95,78554
95,78559
95,78564
95,78567
95,78570
95,78573
95,78576
95,78579
95,78580
95,78582
95,78583
95,78585
95,78586
95,78588
95,78589
95,78591
95,78592
95,78594
95,78595
95,78597
95,78598
95,78600
95,78601
95,78603
95,78604
95,78606
95,78607
95,78647
95,78665
95,88637
96,78224
96,78234
96,78239
96,78244
96,78247
96,78250
96,78253
96,78256
96,78259
96,78262
96,78266
96,78267
96,78269
96,78315
96,78333
96,78337
96,78343
96,78345
96,78351
96,78355
96,78357
96,78359
96,78406
96,78462
96,78464
96,78465
96,78467
96,78476
96,78479
97,79400
97,79415
97,79418
97,79429
97,79529
97,79539
97,79540
97,79541
97,79546
97,79576
97,79585
97,79588
97,79589
97,79591
97,79592
97,79594
97,79595
97,79597
97,79598
97,79599
97,79618
97,79639
97,79641
97,79650
97,79669
97,79674
97,79677
97,79685
97,79686
97,79688
97,79689
97,79692
97,79694
97,79695
97,79697
97,79739
98,79664
98,79666
98,79682
98,79713
98,79725
98,79730
98,79733
98,79736
98,79737
98,79761
98,79771
98,79774
98,79777
98,79780
98,79787
98,79790
98,79793
98,79798
98,79801
98,79802
98,79804
98,79805
98,79807
98,79809
98,79837
98,79848
98,79850
98,79862
98,79865
98,79872
98,79875
98,79879
98,80011
98,80092
98,80099
98,80129
98,80297
98,80325
99,72124
99,72141
99,72525
99,72531
99,72532
99,72534
99,72537
99,72539
99,72555
99,72560
99,72574
99,72581
99,72582
99,72584
99,72585
99,72587
99,72661
99,72760
99,72762
99,72764
99,72766
99,72768
99,72770
99,72781
99,72793
99,72800
99,72805
99,72813
99,72818
99,72820
99,72827
99,72829
99,73014
99,88529
100,72070
100,72072
100,72074
100,72076
100,72100
100,72108
100,72111
100,72115
100,72116
100,72119
100,72127
100,72131
100,72135
100,72138
100,72144
100,72145
100,72147
100,72149
100,72181
100,72411
100,72810
101,72336
101,72348
101,72351
101,72355
101,72356
101,72358
101,72359
101,72361
101,72362
101,72364
101,72365
101,72366
101,72367
101,72369
101,72379
101,72393
101,72394
101,72400
101,72401
101,72406
101,72414
101,72415
101,72417
101,72458
101,72459
101,72461
101,72465
101,72469
101,72474
101,72475
101,72479
102,72535
102,72589
102,73340
102,88481
102,89073
102,89075
102,89077
102,89079
102,89081
102,89129
102,89134
102,89138
102,89143
102,89150
102,89155
102,89156
102,89160
102,89165
102,89171
102,89173
102,89174
102,89176
102,89177
102,89179
102,89180
102,89182
102,89183
102,89185
102,89186
102,89188
102,89189
102,89191
102,89192
102,89194
102,89195
102,89197
102,89198
102,89584
102,89597
102,89601
102,89604
102,89605
102,89607
102,89608
102,89610
102,89611
102,89613
102,89614
102,89616
102,89617
102,89619
102,89693
102,90022
102,90122
102,90219
102,90249
102,90317
102,90340
103,88400
103,88416
103,88422
103,88427
103,88430
103,88433
103,88436
103,88437
103,88441
103,88444
103,88447
103,88448
103,88450
103,88451
103,88453
103,88454
103,88456
103,88457
103,88459
103,88471
103,88477
103,88480
103,88483
103,88484
103,88486
103,88487
103,88489
103,88499
103,88515
103,88521
103,88524
103,88525
103,88527
104,78354
104,88045
104,88046
104,88048
104,88069
104,88070
104,88074
104,88079
104,88085
104,88090
104,88094
104,88097
104,88099
104,88121
104,88633
104,88662
104,88677
104,88682
104,88690
104,88693
104,88696
104,88697
104,88699
104,88709
104,88718
104,88719
104,88843
104,89001
105,88147
105,88212
105,88213
105,88214
105,88216
105,88230
105,88239
105,88250
105,88255
105,88258
105,88260
105,88263
105,88267
105,88271
105,88273
105,88276
105,88279
105,88281
105,88284
105,88285
105,88287
105,88289
105,88299
105,88313
105,88316
105,88317
105,88319
105,88326
105,88339
105,88346
105,88353
105,88361
105,88364
105,88368
105,88370
105,88371
105,88373
105,88374
105,88376
105,88377
105,88379
105,88397
105,88410
106,72419
106,72477
106,72488
106,72501
106,72505
106,72510
106,72511
106,72513
106,72514
106,72516
106,72517
106,72519
106,88348
106,88356
106,88367
106,88512
106,88518
106,88605
106,88630
106,88631
106,88634
106,88636
106,88637
106,88639
106,88646
107,85049
107,85051
107,85053
107,85055
107,85057
108,80331
108,80333
108,80335
108,80336
108,80337
108,80339
108,80403
108,80469
108,80538
108,80539
108,80585
108,80634
108,80636
108,80637
108,80638
108,80639
108,80649
108,80667
108,80686
108,80687
108,80689
108,80742
108,80796
108,80797
108,80798
108,80799
108,80801
108,80802
108,80803
108,80804
108,80805
108,80807
108,80809
108,80878
108,80927
108,80933
108,80935
108,80937
108,80939
108,80955
108,80992
108,80993
108,80995
108,80997
108,80999
108,81041
108,81218
108,81241
108,81243
108,81245
108,81247
108,81248
108,81249
108,81313
108,81338
108,81369
108,81371
108,81373
108,81375
108,81377
108,81379
108,81459
108,81475
108,81476
108,81477
108,81479
108,81507
108,81539
108,81541
108,81543
108,81545
108,81547
108,81549
108,81662
108,81667
108,81669
108,81671
108,81673
108,81675
108,81677
108,81679
108,81735
108,81737
108,81739
108,81809
108,81825
108,81827
108,81829
108,81925
108,81927
108,81929
109,84489
109,84503
109,84504
109,84508
109,84513
109,84518
109,84524
109,84533
109,84543
109,84547
109,84550
109,84553
109,84556
109,84558
109,84561
109,84567
109,84568
109,84571
109,84576
109,84577
109,84579
109,84914
109,85017
109,85045
110,83317
110,83364
110,83395
110,83404
110,83410
110,83416
110,83435
110,83451
110,83454
110,83457
110,83458
110,83471
110,83478
110,83483
110,83486
110,83487
110,83500
110,83501
110,83502
111,82057
111,82431
111,82432
111,82444
111,82515
111,82538
111,82541
111,82544
111,82547
111,82549
111,83006
111,83623
111,83646
111,83661
111,83670
111,83671
111,83673
111,83674
111,83676
111,83677
111,83679
112,85221
112,85229
112,85232
112,85235
112,85238
112,85241
112,85244
112,85247
112,85250
112,85253
112,85254
112,85256
112,85258
112,85259
112,85757
112,85759
112,85778
112,86145
112,86567
113,83550
113,83553
113,85560
113,85567
113,85570
113,85577
113,85586
113,85591
113,85598
113,85599
113,85604
113,85614
113,85617
113,85622
113,85625
113,85643
113,85646
113,85652
113,85658
113,85661
113,85664
113,85665
113,85667
114,85072
114,85080
114,85092
114,85095
114,85098
114,85101
114,85104
114,85110
114,85111
114,85113
114,85114
114,85116
114,85117
114,85120
114,85122
114,85125
114,85128
114,85129
114,85131
114,85132
114,85134
114,85135
114,85137
114,85139
114,91795
114,91804
114,91809
114,91956
114,92020
114,92027
114,92339
114,93336
114,93349
115,84405
115,84416
115,84417
115,84424
115,84427
115,84432
115,84434
115,84435
115,84439
115,85435
115,85439
115,85445
115,85447
115,85452
115,85454
115,85456
115,85457
115,85459
115,85461
115,85462
115,85464
115,85465
115,85467
115,85469
115,85509
115,85570
115,85577
115,85656
115,85659
115,85669
116,84072
116,84104
116,85307
116,85354
116,85356
116,85368
116,85375
116,85376
116,85386
116,85388
116,85391
116,85395
116,85398
116,85399
116,85402
116,85405
116,85406
116,85408
116,85410
116,85411
116,85413
116,85414
116,85416
116,85417
116,85419
116,85777
117,82110
117,82140
117,82145
117,82178
117,82194
117,82216
117,82223
117,82239
117,82256
117,82272
117,82275
117,82276
117,82278
117,82281
117,82284
117,82285
117,82287
117,82288
117,82290
117,82291
117,82293
117,82294
117,82296
117,82299
118,82418
118,82433
118,82435
118,82438
118,82439
118,82441
118,82442
118,82445
118,82447
118,82449
118,82467
118,82475
118,82481
118,82487
118,82488
118,82490
118,82491
118,82493
118,82494
118,82496
118,82497
118,82499
118,82500
119,82269
119,82279
119,86492
119,86836
119,86857
119,86859
119,86899
119,86911
119,86916
119,86919
119,86920
119,86922
119,86923
119,86925
119,86926
119,86928
119,86929
119,86931
119,86932
119,86934
119,86935
119,86937
119,86938
119,86940
119,86941
119,86943
119,86944
119,86946
119,86947
119,86949
119,86974
119,86981
119,Lechstufe 12
119,Lechstufe 13
120,83607
120,83624
120,83626
120,83627
120,83629
120,83666
120,83684
120,83700
120,83703
120,83707
120,83708
120,83714
120,83727
120,83730
120,83734
120,83735
120,83737
120,83775
120,84024
121,83527
121,83536
121,83546
121,83555
121,83558
121,83559
121,83562
121,83567
121,84419
121,84428
121,84431
121,84437
121,84453
121,84459
121,84478
121,84481
121,84494
121,84513
121,84539
121,84544
121,84546
121,84555
121,84559
121,84562
121,84564
121,84565
121,84570
121,84573
121,84574
122,82008
122,82024
122,82031
122,82041
122,82049
122,82054
122,82061
122,82064
122,82065
122,82067
122,82069
122,82152
122,82160
122,82166
122,85521
122,85540
122,85551
122,85579
122,85609
122,85622
122,85630
122,85635
122,85636
122,85640
122,85649
122,85653
122,85662
122,85716
122,85737
122,85747
122,85748
122,85764
122,85774
123,85123
123,86529
123,86561
123,86562
123,86564
123,86565
123,86571
123,86579
123,86633
123,86643
123,86666
123,86668
123,86669
123,86673
123,86676
123,86697
123,86701
123,86706
124,85077
124,85084
124,85088
124,85107
124,85119
124,85126
124,85276
124,85283
124,85290
124,85293
124,85296
124,85298
124,85301
124,85302
124,85304
124,85305
124,85307
124,85309
124,85345
124,86558
125,83022
125,83024
125,83026
125,83036
125,83043
125,83052
125,83059
125,83064
125,83071
125,83075
125,83080
125,83083
125,83088
125,83093
125,83098
125,83101
125,83104
125,83109
125,83112
125,83115
125,83122
125,83123
125,83125
125,83126
125,83128
125,83129
125,83131
125,83134
125,83135
125,83137
125,83139
125,83200
125,83209
125,83229
125,83233
125,83253
125,83254
125,83256
125,83257
125,83512
125,83533
125,83539
125,83543
125,83544
125,83547
125,83549
125,83556
125,83561
125,83564
125,83569
125,83604
125,83620
126,82131
126,82134
126,82152
126,82160
126,82205
126,82210
126,82211
126,82229
126,82231
126,82232
126,82233
126,82234
126,82237
126,82266
126,82319
126,82327
126,82335
126,82340
126,82343
126,82346
126,82349
126,82356
127,83119
127,83132
127,83224
127,83236
127,83242
127,83246
127,83250
127,83259
127,83262
127,83278
127,83292
127,83301
127,83308
127,83309
127,83313
127,83324
127,83329
127,83334
127,83339
127,83342
127,83346
127,83348
127,83349
127,83352
127,83355
127,83358
127,83361
127,83362
127,83365
127,83367
127,83368
127,83370
127,83371
127,83373
127,83374
127,83376
127,83377
127,83379
127,83385
127,83413
127,83414
127,83417
127,83530
127,84529
127,84532
127,84549
128,82347
128,82362
128,82377
128,82378
128,82380
128,82383
128,82386
128,82387
128,82389
128,82390
128,82392
128,82393
128,82395
128,82396
128,82398
128,82399
128,82400
128,82401
128,82402
128,82404
128,82405
128,82407
128,82409
128,82436
128,86956
128,86971
128,86972
128,86975
128,86977
128,86978
128,86980
128,86984
128,86986
128,86987
128,86989
128,87144
128,87227
129,94447
129,94469
129,94486
129,94491
129,94505
129,94506
129,94508
129,94526
129,94527
129,94530
129,94531
129,94532
129,94533
129,94539
129,94541
129,94547
129,94550
129,94551
129,94554
129,94557
129,94560
129,94562
129,94563
129,94569
129,94571
129,94574
129,94577
130,94065
130,94078
130,94089
130,94118
130,94133
130,94142
130,94143
130,94145
130,94146
130,94151
130,94157
130,94158
130,94160
130,94163
130,94169
130,94201
130,94481
130,94513
130,94518
130,94536
130,94545
130,94548
130,94556
130,94566
130,94568
130,94572
130,94579
130,94774
130,94848
130,94934
130,95011
130,95013
130,95016
131,84048
131,84085
131,84089
131,84091
131,84094
131,84097
131,84106
131,93077
131,93309
131,93326
131,93333
131,93339
131,93342
131,93343
131,93345
131,93346
131,93348
131,93351
131,93352
131,93354
131,93356
131,93358
131,93359
132,84028
132,84030
132,84032
132,84034
132,84036
132,84051
132,84056
132,84061
132,84076
132,84079
132,84088
132,84092
132,84095
132,84098
132,84100
132,84101
132,84103
132,84107
132,84109
132,84137
132,84144
132,84149
132,84155
132,84157
132,84166
132,84168
132,84169
132,84171
132,84172
132,84174
132,84175
132,84178
132,84181
132,84184
132,84186
132,84187
132,84189
133,94032
133,94034
133,94036
133,94051
133,94060
133,94061
133,94072
133,94075
133,94081
133,94082
133,94086
133,94094
133,94099
133,94104
133,94107
133,94110
133,94113
133,94116
133,94121
133,94124
133,94127
133,94130
133,94136
133,94139
133,94148
133,94149
133,94152
133,94154
133,94161
133,94164
133,94167
133,94474
133,94496
133,94501
133,94529
133,94535
133,94538
133,94542
133,94544
133,94575
134,93471
134,94209
134,94227
134,94234
134,94235
134,94239
134,94244
134,94245
134,94249
134,94250
134,94252
134,94253
134,94255
134,94256
134,94258
134,94259
134,94261
134,94262
134,94264
134,94265
134,94267
134,94269
134,94304
134,94306
135,84140
135,84307
135,84323
135,84326
135,84329
135,84332
135,84333
135,84335
135,84337
135,84339
135,84347
135,84348
135,84359
135,84364
135,84367
135,84371
135,84375
135,84378
135,84381
135,84384
135,84385
135,84387
135,84388
135,84389
135,84552
135,94137
135,94140
135,94166
135,94424
135,94439
136,84066
136,84082
136,94315
136,94327
136,94330
136,94333
136,94336
136,94339
136,94342
136,94344
136,94345
136,94347
136,94348
136,94350
136,94351
136,94353
136,94354
136,94356
136,94357
136,94359
136,94360
136,94362
136,94363
136,94365
136,94366
136,94368
136,94369
136,94371
136,94372
136,94374
136,94375
136,94377
136,94379
136,94553
136,94559
137,84130
137,84152
137,84160
137,84163
137,84164
137,84177
137,84180
137,84183
137,94405
137,94419
137,94428
137,94431
137,94436
137,94437
137,94522
138,91249
138,91275
138,92224
138,92237
138,92242
138,92245
138,92249
138,92253
138,92256
138,92259
138,92260
138,92262
138,92263
138,92265
138,92266
138,92268
138,92271
138,92272
138,92274
138,92275
138,92277
138,92278
138,92280
138,92281
138,92284
138,92286
138,92287
138,92289
139,92444
139,93167
139,93185
139,93189
139,93191
139,93192
139,93194
139,93199
139,93200
139,93300
139,93413
139,93426
139,93437
139,93444
139,93449
139,93453
139,93455
139,93458
139,93462
139,93464
139,93466
139,93468
139,93470
139,93473
139,93474
139,93476
139,93477
139,93479
139,93480
139,93482
139,93483
139,93485
139,93486
139,93488
139,93489
139,93491
139,93492
139,93494
139,93495
139,93497
139,93499
139,94012
140,90602
140,92283
140,92318
140,92328
140,92331
140,92332
140,92334
140,92342
140,92345
140,92348
140,92353
140,92355
140,92358
140,92360
140,92361
140,92363
140,92364
140,92366
140,92367
140,92369
141,91281
141,92637
141,92648
141,92655
141,92660
141,92665
141,92666
141,92670
141,92673
141,92676
141,92685
141,92690
141,92693
141,92694
141,92696
141,92697
141,92699
141,92700
141,92702
141,92705
141,92706
141,92708
141,92709
141,92711
141,92712
141,92714
141,92715
141,92718
141,92720
141,92721
141,92723
141,92724
141,92726
141,92727
141,92729
141,93042
141,95514
141,95519
142,84069
142,93047
142,93049
142,93051
142,93053
142,93055
142,93057
142,93059
142,93073
142,93074
142,93080
142,93083
142,93086
142,93087
142,93089
142,93090
142,93092
142,93093
142,93095
142,93096
142,93098
142,93099
142,93101
142,93102
142,93104
142,93105
142,93107
142,93109
142,93128
142,93138
142,93152
142,93155
142,93161
142,93164
142,93170
142,93173
142,93176
142,93177
142,93179
142,93180
142,93182
142,93183
142,93186
142,93188
142,93195
142,93197
143,92269
143,92421
143,92431
143,92436
143,92439
143,92442
143,92445
143,92447
143,92449
143,92507
143,92521
143,92526
143,92533
143,92536
143,92539
143,92540
143,92542
143,92543
143,92545
143,92546
143,92548
143,92549
143,92551
143,92552
143,92554
143,92555
143,92557
143,92559
143,92610
143,92634
143,92723
143,93133
143,93142
143,93148
143,93149
143,93158
144,92681
144,92703
144,92717
144,95478
144,95505
144,95506
144,95508
144,95643
144,95652
144,95666
144,95671
144,95676
144,95679
144,95682
144,95683
144,95685
144,95688
144,95689
144,95692
144,95695
144,95698
144,95700
144,95701
144,95703
144,95704
145,91332
145,96047
145,96049
145,96050
145,96052
145,96103
145,96110
145,96114
145,96117
145,96120
145,96123
145,96129
145,96132
145,96135
145,96138
145,96146
145,96147
145,96148
145,96149
145,96154
145,96155
145,96157
145,96158
145,96161
145,96163
145,96164
145,96167
145,96169
145,96170
145,96173
145,96175
145,96178
145,96179
145,96182
145,96185
145,96187
145,96191
145,96194
145,96196
145,96199
146,91257
146,91278
146,91282
146,91287
146,91289
146,91344
146,91347
146,95444
146,95445
146,95447
146,95448
146,95460
146,95463
146,95466
146,95469
146,95473
146,95474
146,95482
146,95485
146,95488
146,95490
146,95491
146,95493
146,95494
146,95496
146,95497
146,95500
146,95503
146,95511
146,95515
146,95517
146,95686
146,95694
146,96142
147,96145
147,96237
147,96242
147,96253
147,96269
147,96271
147,96274
147,96279
147,96450
147,96465
147,96472
147,96476
147,96477
147,96479
147,96482
147,96484
147,96486
147,96487
147,96489
147,96502
148,91077
148,91090
148,91094
148,91099
148,91108
148,91122
148,91125
148,91286
148,91301
148,91320
148,91322
148,91327
148,91330
148,91336
148,91338
148,91346
148,91349
148,91352
148,91353
148,91355
148,91356
148,91358
148,91359
148,91361
148,91362
148,91364
148,91365
148,91367
148,91369
149,95028
149,95030
149,95032
149,95040
149,95111
149,95119
149,95126
149,95131
149,95138
149,95145
149,95152
149,95176
149,95179
149,95180
149,95182
149,95183
149,95185
149,95188
149,95189
149,95191
149,95192
149,95194
149,95197
149,95213
149,95233
149,95234
149,95236
149,95237
149,95239
150,96268
150,96277
150,96317
150,96324
150,96328
150,96332
150,96337
150,96342
150,96345
150,96346
150,96349
150,96352
150,96355
150,96358
150,96361
150,96364
150,96365
150,96367
150,96369
150,96412
150,96434
151,95326
151,95327
151,95336
151,95339
151,95346
151,95349
151,95352
151,95355
151,95356
151,95358
151,95359
151,95361
151,95362
151,95364
151,95365
151,95367
151,95369
151,95402
151,95499
151,95502
151,95509
151,95512
151,96197
152,96215
152,96224
152,96227
152,96231
152,96247
152,96250
152,96257
152,96260
152,96264
152,96272
152,96275
153,95100
153,95158
153,95163
153,95165
153,95168
153,95173
153,95186
153,95195
153,95199
153,95615
153,95632
153,95633
153,95659
153,95680
153,95691
153,95697
153,95706
153,95707
153,95709
153,96001
153,96010
153,96012
154,90599
154,91522
154,91541
154,91550
154,91552
154,91554
154,91555
154,91560
154,91564
154,91567
154,91572
154,91575
154,91578
154,91580
154,91583
154,91584
154,91586
154,91587
154,91589
154,91590
154,91592
154,91595
154,91596
154,91598
154,91599
154,91601
154,91602
154,91604
154,91607
154,91608
154,91610
154,91611
154,91614
154,91616
154,91617
154,91620
154,91622
154,91623
154,91625
154,91626
154,91628
154,91629
154,91631
154,91632
154,91634
154,91635
154,91637
154,91639
154,91717
154,91722
154,91725
154,91726
154,91731
154,91732
154,91734
154,91737
154,91740
154,91743
154,91744
154,91746
154,91749
154,91752
155,90402
155,90403
155,90408
155,90409
155,90411
155,90419
155,90425
155,90427
155,90429
155,90431
155,90437
155,90439
155,90441
155,90443
155,90444
155,90446
155,90449
155,90451
155,90453
155,90455
155,90459
155,90461
155,90469
155,90471
155,90473
155,90475
155,90478
155,90480
155,90482
155,90486
155,90489
155,90491
155,90507
156,90542
156,90562
156,91052
156,91054
156,91056
156,91058
156,91074
156,91080
156,91083
156,91085
156,91086
156,91088
156,91091
156,91093
156,91096
156,91097
156,91315
156,91325
156,91334
156,91335
156,91341
156,91350
156,91475
156,91487
156,96172
156,96193
157,90513
157,90522
157,90547
157,90556
157,90574
157,90578
157,90579
157,90587
157,90613
157,90614
157,90617
157,90762
157,90763
157,90765
157,90766
157,90768
157,90807
157,90939
157,91037
157,91050
157,91452
158,90518
158,90537
158,90552
158,90555
158,90559
158,90571
158,90592
158,90607
158,90610
158,91207
158,91217
158,91218
158,91220
158,91224
158,91227
158,91230
158,91233
158,91235
158,91236
158,91238
158,91239
158,91241
158,91242
158,91244
158,91245
158,91247
158,91284
159,90616
159,90619
159,90711
159,90717
159,91413
159,91433
159,91438
159,91443
159,91448
159,91456
159,91459
159,91460
159,91462
159,91463
159,91465
159,91466
159,91468
159,91469
159,91471
159,91472
159,91474
159,91477
159,91478
159,91480
159,91481
159,91483
159,91484
159,91486
159,91489
159,91508
159,91593
159,91605
159,91613
159,91619
159,96152
159,97215
159,97258
160,90530
160,90584
160,90596
160,91126
160,91154
160,91161
160,91166
160,91171
160,91174
160,91177
160,91178
160,91180
160,91183
160,91186
160,91187
160,91188
160,91189
160,91206
161,91710
161,91719
161,91720
161,91723
161,91728
161,91729
161,91735
161,91738
161,91741
161,91747
161,91757
161,91766
161,91781
161,91785
161,91788
161,91790
161,91792
161,91793
161,91796
161,91798
161,91799
161,91801
161,91802
161,91805
161,91807
162,63739
162,63741
162,63743
162,63755
162,63762
162,63763
162,63768
162,63773
162,63776
162,63791
162,63796
162,63801
162,63808
162,63811
162,63814
162,63825
162,63826
162,63828
162,63829
162,63831
162,63846
162,63856
162,63857
162,63860
162,63864
162,63867
162,63869
162,63871
162,63872
162,63874
162,63875
162,63877
162,63879
162,63896
163,97517
163,97688
163,97702
163,97705
163,97708
163,97711
163,97714
163,97717
163,97720
163,97723
163,97725
163,97727
163,97729
163,97762
163,97769
163,97772
163,97779
163,97786
163,97789
163,97792
163,97795
163,97797
163,97799
163,97801
164,97528
164,97616
164,97618
164,97631
164,97633
164,97638
164,97640
164,97645
164,97647
164,97650
164,97653
164,97654
164,97656
164,97657
164,97659
164,97724
165,96106
165,96126
165,96151
165,96166
165,96176
165,96181
165,96184
165,96188
165,96190
165,97437
165,97439
165,97461
165,97475
165,97478
165,97483
165,97486
165,97491
165,97494
165,97496
165,97500
165,97503
165,97514
165,97519
165,97522
165,97531
165,97539
166,96160
166,97318
166,97320
166,97332
166,97334
166,97337
166,97340
166,97342
166,97344
166,97346
166,97348
166,97350
166,97351
166,97353
166,97355
166,97356
166,97357
166,97359
167,63785
167,63820
167,63834
167,63839
167,63840
167,63843
167,63849
167,63853
167,63863
167,63868
167,63897
167,63906
167,63911
167,63916
167,63920
167,63924
167,63925
167,63927
167,63928
167,63930
167,63931
167,63933
167,63934
167,63936
167,63937
167,63939
167,64100
167,64203
167,64227
167,64239
167,97896
167,97901
167,97903
167,97904
167,97906
167,97909
168,97225
168,97267
168,97282
168,97289
168,97450
168,97737
168,97753
168,97773
168,97775
168,97776
168,97778
168,97780
168,97782
168,97783
168,97785
168,97788
168,97791
168,97794
168,97816
168,97828
168,97833
168,97834
168,97836
168,97837
168,97839
168,97840
168,97842
168,97843
168,97845
168,97846
168,97848
168,97849
168,97851
168,97852
168,97854
168,97855
168,97856
168,97857
168,97859
168,97892
168,97907
169,97421
169,97422
169,97424
169,97440
169,97447
169,97453
169,97456
169,97464
169,97469
169,97488
169,97490
169,97493
169,97497
169,97499
169,97502
169,97505
169,97506
169,97508
169,97509
169,97511
169,97513
169,97516
169,97520
169,97523
169,97525
169,97526
169,97529
169,97532
169,97534
169,97535
169,97537
170,97070
170,97072
170,97074
170,97075
170,97076
170,97078
170,97080
170,97082
170,97084
170,97198
170,97199
170,97204
170,97209
170,97218
170,97222
170,97228
170,97230
170,97232
170,97234
170,97236
170,97237
170,97239
170,97241
170,97243
170,97244
170,97246
170,97247
170,97249
170,97250
170,97252
170,97253
170,97255
170,97256
170,97259
170,97261
170,97262
170,97264
170,97265
170,97268
170,97270
170,97271
170,97273
170,97274
170,97276
170,97277
170,97279
170,97280
170,97283
170,97285
170,97286
170,97288
170,97291
170,97292
170,97294
170,97295
170,97297
170,97299
171,86150
171,86152
171,86153
171,86154
171,86156
171,86157
171,86159
171,86161
171,86163
171,86165
171,86167
171,86169
171,86179
171,86199
172,87700
173,82297
173,86316
173,86320
173,86415
173,86438
173,86444
173,86447
173,86453
173,86495
173,86504
173,86508
173,86510
173,86511
173,86551
173,86554
173,86556
173,86559
173,86568
173,86570
173,86573
173,86574
173,86576
173,86577
173,86674
174,86343
174,86356
174,86368
174,86371
174,86391
174,86399
174,86405
174,86420
174,86424
174,86441
174,86450
174,86456
174,86459
174,86462
174,86465
174,86469
174,86477
174,86482
174,86485
174,86486
174,86494
174,86497
174,86500
174,86507
174,86514
174,86517
174,86672
174,86678
174,86679
174,86695
174,86707
174,86830
174,86836
174,86845
174,86850
174,86853
174,86856
174,86863
174,86866
174,86868
174,86872
174,86877
175,86502
175,86637
175,86639
175,86647
175,86657
175,89344
175,89353
175,89407
175,89415
175,89420
175,89423
175,89426
175,89428
175,89429
175,89431
175,89434
175,89435
175,89437
175,89438
175,89440
175,89441
175,89443
175,89446
175,89447
176,86381
176,86470
176,86473
176,86476
176,86479
176,86480
176,86483
176,86488
176,86489
176,86491
176,86505
176,86513
176,86519
176,89312
176,89325
176,89331
176,89335
176,89340
176,89343
176,89346
176,89347
176,89349
176,89350
176,89352
176,89355
176,89356
176,89358
176,89359
176,89361
176,89362
176,89364
176,89365
176,89367
176,89368
176,89396
177,89231
177,89233
177,89250
177,89257
177,89264
177,89265
177,89269
177,89275
177,89278
177,89281
177,89284
177,89287
177,89290
177,89291
177,89293
177,89294
177,89296
177,89297
177,89299
178,88131
178,88138
178,88142
178,88145
178,88149
178,88161
178,88167
178,88171
178,88174
178,88175
178,88178
178,88179
179,86807
179,86860
179,86862
179,86869
179,86875
179,86983
179,87459
179,87484
179,87494
179,87496
179,87600
179,87616
179,87629
179,87634
179,87637
179,87640
179,87642
179,87645
179,87647
179,87648
179,87650
179,87651
179,87653
179,87654
179,87656
179,87657
179,87659
179,87660
179,87662
179,87663
179,87665
179,87666
179,87668
179,87669
179,87671
179,87672
179,87674
179,87675
179,87677
179,87679
180,86498
180,86825
180,86833
180,86842
180,86854
180,86865
180,86871
180,86874
180,86879
180,87719
180,87724
180,87727
180,87730
180,87733
180,87734
180,87736
180,87737
180,87739
180,87740
180,87741
180,87742
180,87743
180,87745
180,87746
180,87748
180,87749
180,87751
180,87752
180,87754
180,87755
180,87757
180,87758
180,87760
180,87761
180,87763
180,87764
180,87766
180,87767
180,87769
180,87770
180,87772
180,87773
180,87775
180,87776
180,87778
180,87779
180,87781
180,87782
180,87784
180,87785
180,87787
180,87789
180,87834
180,87848
180,88039
181,86609
181,86641
181,86650
181,86653
181,86655
181,86660
181,86663
181,86675
181,86681
181,86682
181,86684
181,86685
181,86687
181,86688
181,86690
181,86692
181,86694
181,86698
181,86700
181,86703
181,86704
181,86709
181,86720
181,86732
181,86733
181,86735
181,86736
181,86738
181,86739
181,86741
181,86742
181,86744
181,86745
181,86747
181,86748
181,86750
181,86751
181,86753
181,86754
181,86756
181,86757
181,86759
182,87435
182,87437
182,87439
182,87448
182,87452
182,87463
182,87466
182,87471
182,87474
182,87477
182,87480
182,87487
182,87488
182,87490
182,87493
182,87497
182,87499
182,87509
182,87527
182,87534
182,87538
182,87541
182,87544
182,87545
182,87547
182,87549
182,87561
182,87562
182,87567
183,66111
183,66113
183,66115
183,66117
183,66119
183,66121
183,66123
183,66125
183,66126
183,66127
183,66128
183,66129
183,66130
183,66131
183,66132
183,66133
183,66265
183,66271
183,66280
183,66287
183,66292
183,66299
183,66322
183,66333
183,66346
183,66352
184,66663
184,66679
184,66687
184,66693
184,66701
184,66706
184,66709
185,66538
185,66539
185,66540
185,66557
185,66564
185,66571
185,66578
185,66583
185,66584
185,66589
186,66359
186,66740
186,66748
186,66763
186,66773
186,66780
186,66787
186,66793
186,66798
186,66802
186,66804
186,66806
186,66809
186,66822
186,66834
186,66835
186,66839
187,66386
187,66399
187,66421
187,66424
187,66440
187,66450
187,66453
187,66459
188,66606
188,66620
188,66625
188,66629
188,66636
188,66640
188,66646
188,66649
189,10115
189,10117
189,10119
189,10152
189,10178
189,10179
189,10216
189,10230
189,10435
189,10551
189,10553
189,10555
189,10557
189,10559
189,10785
189,10787
189,13347
189,13349
189,13351
189,13353
189,13355
189,13357
189,13359
189,13395
189,13405
189,13407
189,13409
190,10243
190,10245
190,10247
190,10249
190,10313
190,10961
190,10963
190,10965
190,10967
190,10969
190,10997
190,10999
190,11000
190,11011
190,11020
190,11036
190,11042
190,11055
190,11111
190,11233
190,11341
190,11345
190,11538
190,11743
190,12005
190,12015
190,12040
191,10119
191,10152
191,10247
191,10249
191,10313
191,10405
191,10407
191,10409
191,10435
191,10437
191,10439
191,10455
191,13086
191,13088
191,13089
191,13125
191,13127
191,13129
191,13156
191,13158
191,13159
191,13187
191,13189
191,13197
191,13309
192,10585
192,10587
192,10589
192,10599
192,10623
192,10625
192,10627
192,10629
192,10639
192,10707
192,10709
192,10711
192,10713
192,10715
192,10717
192,10719
192,10729
192,10747
192,10758
192,10769
192,10777
192,10779
192,10787
192,10789
192,10825
192,13627
192,14050
192,14052
192,14053
192,14055
192,14057
192,14059
192,14086
192,14193
192,14195
192,14197
192,14199
192,14295
192,14297
192,14409
193,13581
193,13583
193,13585
193,13587
193,13589
193,13591
193,13593
193,13595
193,13597
193,13599
193,13621
193,13623
193,13629
193,13674
193,13907
193,14089
194,12157
194,12161
194,12163
194,12165
194,12167
194,12169
194,12203
194,12204
194,12205
194,12207
194,12209
194,12247
194,12249
194,14109
194,14129
194,14162
194,14163
194,14165
194,14167
194,14169
194,14175
194,14192
194,14195
195,10777
195,10779
195,10781
195,10783
195,10785
195,10787
195,10789
195,10823
195,10825
195,10827
195,10829
195,10870
195,10965
195,12099
195,12101
195,12103
195,12105
195,12107
195,12109
195,12157
195,12159
195,12161
195,12277
195,12279
195,12303
195,12305
195,12306
195,12307
195,12309
195,12340
195,12345
196,10967
196,12043
196,12045
196,12047
196,12049
196,12051
196,12053
196,12055
196,12057
196,12059
196,12347
196,12349
196,12351
196,12353
196,12355
196,12357
196,12359
196,12414
197,12435
197,12437
197,12439
197,12459
197,12487
197,12489
197,12495
197,12524
197,12526
197,12527
197,12555
197,12556
197,12557
197,12559
197,12587
197,12589
197,12599
198,12619
198,12621
198,12623
198,12627
198,12629
198,12679
198,12681
198,12683
198,12685
198,12687
198,12689
198,12821
198,13021
198,13025
199,10315
199,10317
199,10318
199,10319
199,10341
199,10356
199,10360
199,10362
199,10365
199,10367
199,10369
199,10390
199,13051
199,13053
199,13055
199,13057
199,13058
199,13059
200,13403
200,13405
200,13407
200,13409
200,13435
200,13437
200,13439
200,13465
200,13467
200,13469
200,13497
200,13503
200,13505
200,13507
200,13509
200,13517
200,13578
200,13629
200,13674
200,13907
201,14770
201,14772
201,14774
201,14776
202,03042
202,03044
202,03046
202,03048
202,03050
202,03051
202,03052
202,03053
202,03054
202,03055
203,15230
203,15232
203,15234
203,15236
204,14467
204,14469
204,14471
204,14473
204,14476
204,14478
204,14479
204,14480
204,14482
204,14505
204,14509
205,16225
205,16227
205,16230
205,16238
205,16244
205,16247
205,16248
205,16321
205,16340
205,16341
205,16348
205,16352
205,16356
205,16359
205,16501
205,Eberswalde 1
205,Eberswalde 2
206,12529
206,15711
206,15712
206,15713
206,15732
206,15738
206,15741
206,15745
206,15746
206,15748
206,15749
206,15754
206,15755
206,15757
206,15758
206,15868
206,15907
206,15910
206,15913
206,15926
206,15938
206,15959
207,03238
207,03246
207,03247
207,03249
207,03253
207,03260
207,03283
207,03379
207,03520
207,03533
207,03534
207,03600
207,03613
207,03705
207,03714
207,03740
207,03826
207,03973
207,04001
207,04020
207,04052
207,04053
207,04055
207,04057
207,04059
207,04091
207,04092
207,04100
207,04895
207,04910
207,04916
207,04921
207,04924
207,04928
207,04931
207,04932
207,04934
207,04936
207,04938
207,05018
207,05020
207,05034
207,05041
207,05064
207,05072
207,05081
207,05082
207,05091
207,05102
207,05106
207,05110
207,05111
207,05120
207,05121
207,05122
207,05133
207,05162
207,05165
207,05230
207,05254
207,05303
207,05324
207,05412
207,05440
207,05495
207,05607
207,05611
207,05634
207,05702
207,05760
207,05809
207,05914
207,05932
207,06000
207,06001
207,06019
207,06034
207,06035
207,06042
207,06055
207,06063
208,14612
208,14621
208,14624
208,14641
208,14656
208,14662
208,14669
208,14712
208,14715
208,14727
208,14728
209,15306
209,15320
209,15324
209,15326
209,15328
209,15344
209,15345
209,15366
209,15370
209,15374
209,15377
209,15378
209,15442
209,15562
209,16259
209,16269
210,16515
210,16540
210,16547
210,16548
210,16552
210,16556
210,16559
210,16562
210,16567
210,16727
210,16761
210,16766
210,16767
210,16775
210,16792
210,16798
211,01945
211,01958
211,01962
211,01968
211,01977
211,01979
211,01983
211,01987
211,01990
211,01993
211,01994
211,01996
211,01998
211,02000
211,02018
211,02060
211,02097
211,02200
211,02215
211,02300
211,02321
211,03103
211,03205
211,03222
211,03226
211,03229
212,15236
212,15295
212,15299
212,15517
212,15518
212,15521
212,15526
212,15528
212,15531
212,15537
212,15566
212,15569
212,15627
212,15848
212,15859
212,15864
212,15890
212,15898
213,16816
213,16818
213,16827
213,16828
213,16831
213,16833
213,16835
213,16837
213,16845
213,16866
213,16868
213,16909
213,16921
214,14513
214,14525
214,14527
214,14532
214,14541
214,14542
214,14547
214,14548
214,14550
214,14552
214,14554
214,14557
214,14558
214,14778
214,14789
214,14793
214,14797
214,14798
214,14806
214,14822
214,14823
214,14827
214,14828
214,14831
214,14929
215,16866
215,16928
215,16945
215,16949
215,17000
215,19309
215,19320
215,19322
215,19336
215,19339
215,19342
215,19346
215,19348
215,19357
216,03058
216,03071
216,03096
216,03099
216,03116
216,03119
216,03130
216,03139
216,03149
216,03152
216,03159
216,03172
216,03184
216,03185
216,03197
217,14913
217,14943
217,14947
217,14959
217,14974
217,14979
217,15065
217,15201
217,15806
217,15827
217,15831
217,15834
217,15837
217,15838
217,15936
218,16278
218,16303
218,16306
218,16307
218,17268
218,17279
218,17291
218,17326
218,17337
219,18055
219,18057
219,18059
219,18069
219,18106
219,18107
219,18109
219,18119
219,18146
219,18147
220,19053
220,19055
220,19057
220,19059
220,19061
220,19063
221,17033
221,17034
221,17036
221,17039
221,17067
221,17087
221,17089
221,17091
221,17094
221,17098
221,17099
221,17109
221,17111
221,17139
221,17153
221,17154
221,17159
221,17192
221,17194
221,17207
221,17209
221,17213
221,17214
221,17217
221,17218
221,17219
221,17224
221,17235
221,17237
221,17248
221,17252
221,17255
221,17258
221,17337
221,17348
221,17349
222,17166
222,17168
222,17169
222,17179
222,18059
222,18069
222,18107
222,18181
222,18182
222,18184
222,18190
222,18195
222,18196
222,18198
222,18200
222,18209
222,18211
222,18225
222,18230
222,18233
222,18236
222,18239
222,18246
222,18249
222,18258
222,18273
222,18276
222,18279
222,18292
222,18299
223,18311
223,18314
223,18317
223,18320
223,18334
223,18337
223,18347
223,18356
223,18374
223,18375
223,18435
223,18437
223,18439
223,18442
223,18445
223,18461
223,18465
223,18469
223,18507
223,18510
223,18513
223,18516
223,18519
223,18528
223,18546
223,18551
223,18556
223,18565
223,18569
223,18573
223,18574
223,18581
223,18586
223,18609
223,19010
223,19049
224,19069
224,19071
224,19205
224,19209
224,19217
224,19417
224,20001
224,20039
224,23923
224,23925
224,23936
224,23942
224,23946
224,23948
224,23966
224,23968
224,23970
224,23972
224,23974
224,23992
224,23996
224,23999
224,24040
224,24097
224,24100
225,17121
225,17126
225,17129
225,17132
225,17309
225,17321
225,17322
225,17328
225,17329
225,17335
225,17337
225,17358
225,17367
225,17373
225,17375
225,17379
225,17389
225,17390
225,17391
225,17392
225,17398
225,17406
225,17419
225,17424
225,17429
225,17438
225,17440
225,17449
225,17454
225,17459
225,17489
225,17491
225,17493
225,17495
225,17498
225,17506
225,17509
226,19065
226,19067
226,19073
226,19075
226,19077
226,19079
226,19086
226,19087
226,19089
226,19100
226,19171
226,19230
226,19243
226,19246
226,19249
226,19258
226,19260
226,19273
226,19285
226,19288
226,19294
226,19300
226,19303
226,19306
226,19357
226,19370
226,19372
226,19374
226,19376
226,19386
226,19395
226,19399
226,19406
226,19412
227,09111
227,09112
227,09113
227,09114
227,09116
227,09117
227,09119
227,09120
227,09122
227,09123
227,09125
227,09126
227,09127
227,09128
227,09130
227,09131
227,09181
227,09224
227,09228
227,09247
228,08280
228,08289
228,08294
228,08297
228,08301
228,08304
228,08306
228,08309
228,08312
228,08315
228,08318
228,08321
228,08324
228,08328
228,08331
228,08339
228,08340
228,08344
228,08349
228,08352
228,08359
228,08370
228,09221
228,09235
228,09366
228,09376
228,09380
228,09385
228,09387
228,09390
228,09392
228,09394
228,09399
228,09401
228,09405
228,09419
228,09423
228,09427
228,09429
228,09430
228,09432
228,09433
228,09434
228,09435
228,09437
228,09438
228,09439
228,09441
228,09456
228,09462
228,09465
228,09468
228,09471
228,09474
228,09477
228,09479
228,09481
228,09484
228,09487
228,09488
228,09491
228,09496
228,09509
228,09514
228,09517
228,09518
228,09526
228,09529
228,09548
228,09551
228,09573
228,09579
229,04703
229,04710
229,04711
229,04712
229,04720
229,04721
229,04725
229,04728
229,04730
229,04731
229,04736
229,04740
229,04741
229,04743
229,04746
229,04749
229,04750
229,09217
229,09232
229,09236
229,09241
229,09244
229,09249
229,09286
229,09301
229,09306
229,09307
229,09322
229,09326
229,09328
229,09331
229,09544
229,09557
229,09563
229,09569
229,09573
229,09575
229,09577
229,09599
229,09600
229,09603
229,09618
229,09619
229,09623
229,09627
229,09629
229,09633
229,09634
229,09638
229,09648
229,09652
229,09661
229,09669
229,10000
229,10001
229,10006
229,10100
229,10107
229,10109
229,10111
230,07919
230,07952
230,07985
230,08209
230,08223
230,08228
230,08233
230,08236
230,08237
230,08239
230,08248
230,08258
230,08261
230,08262
230,08265
230,08267
230,08468
230,08485
230,08491
230,08496
230,08499
230,08523
230,08525
230,08527
230,08529
230,08538
230,08539
230,08540
230,08541
230,08543
230,08547
230,08548
230,08591
230,08596
230,08600
230,08606
230,08610
230,08626
230,08645
230,08648
230,08691
230,08700
230,08716
230,08761
230,08770
230,08793
230,08845
230,08864
230,08980
230,09005
230,09023
230,09050
230,09076
230,09091
231,08056
231,08058
231,08060
231,08062
231,08064
231,08065
231,08066
231,08067
231,08105
231,08107
231,08112
231,08114
231,08115
231,08118
231,08132
231,08134
231,08141
231,08144
231,08147
231,08154
231,08200
231,08371
231,08373
231,08393
231,08396
231,08412
231,08427
231,08428
231,08448
231,08451
231,08459
231,09212
231,09214
231,09216
231,09243
231,09337
231,09350
231,09353
231,09355
231,09356
231,Eckersbach (E 1 - E 4)
231,Eckersbach (E 5 / I)
231,Eckersbach (E 5 / II)
232,01067
232,01069
232,01072
232,01080
232,01097
232,01099
232,01108
232,01109
232,01111
232,01120
232,01127
232,01129
232,01139
232,01145
232,01156
232,01157
232,01158
232,01159
232,01169
232,01187
232,01188
232,01189
232,01190
232,01210
232,01217
232,01219
232,01220
232,01222
232,01234
232,01237
232,01239
232,01242
232,01255
232,01257
232,01259
232,01260
232,01277
232,01279
232,01307
232,01309
232,01313
232,01324
232,01326
232,01328
232,01351
232,01391
232,01419
232,01465
233,01454
233,01455
233,01458
233,01477
233,01500
233,01510
233,01877
233,01896
233,01900
233,01904
233,01906
233,01909
233,01917
233,01920
233,01936
233,02625
233,02627
233,02633
233,02681
233,02689
233,02692
233,02694
233,02699
233,02700
233,02733
233,02977
233,02979
233,02989
233,02991
233,02994
233,02997
233,02999
234,02708
234,02727
234,02730
234,02732
234,02736
234,02739
234,02742
234,02747
234,02748
234,02763
234,02766
234,02779
234,02782
234,02785
234,02788
234,02791
234,02794
234,02796
234,02797
234,02799
234,02817
234,02821
234,02826
234,02827
234,02828
234,02829
234,02840
234,02894
234,02899
234,02906
234,02923
234,02929
234,02943
234,02953
234,02956
234,02957
234,02959
235,01445
235,01447
235,01468
235,01471
235,01558
235,01561
235,01587
235,01589
235,01591
235,01594
235,01609
235,01612
235,01616
235,01619
235,01623
235,01640
235,01643
235,01661
235,01662
235,01665
235,01683
235,01689
236,01705
236,01723
236,01728
236,01731
236,01734
236,01737
236,01738
236,01744
236,01762
236,01768
236,01773
236,01774
236,01776
236,01778
236,01796
236,01809
236,01812
236,01814
236,01815
236,01816
236,01819
236,01824
236,01825
236,01829
236,01833
236,01844
236,01847
236,01848
236,01855
236,01871
237,04103
237,04105
237,04107
237,04109
237,04114
237,04116
237,04125
237,04129
237,04133
237,04144
237,04150
237,04154
237,04155
237,04157
237,04158
237,04159
237,04177
237,04178
237,04179
237,04205
237,04207
237,04209
237,04217
237,04229
237,04249
237,04275
237,04277
237,04279
237,04281
237,04288
237,04289
237,04299
237,04310
237,04315
237,04316
237,04317
237,04318
237,04319
237,04325
237,04328
237,04329
237,04347
237,04349
237,04351
237,04356
237,04357
237,04400
238,04416
238,04420
238,04442
238,04451
238,04463
238,04468
238,04503
238,04523
238,04539
238,04552
238,04564
238,04565
238,04567
238,04571
238,04574
238,04575
238,04580
238,04596
238,04643
238,04651
238,04653
238,04654
238,04655
238,04657
238,04661
238,04665
238,04668
238,04671
238,04680
238,04683
238,04687
238,04688
238,04690
238,04699
238,04700
238,04701
238,04808
238,04821
238,04824
238,04827
238,04828
239,04425
239,04435
239,04509
239,04510
239,04519
239,04520
239,04758
239,04760
239,04769
239,04770
239,04774
239,04779
239,04780
239,04800
239,04802
239,04838
239,04840
239,04841
239,04849
239,04850
239,04851
239,04860
239,04861
239,04862
239,04864
239,04869
239,04874
239,04880
239,04886
239,04889
240,06842
240,06844
240,06846
240,06847
240,06849
240,06850
240,06861
240,06862
241,06108
241,06110
241,06112
241,06114
241,06116
241,06118
241,06120
241,06122
241,06124
241,06126
241,06128
241,06130
241,06132
241,06137
241,06160
241,06162
241,06163
242,39104
242,39106
242,39108
242,39110
242,39112
242,39114
242,39116
242,39118
242,39120
242,39122
242,39124
242,39126
242,39128
242,39130
243,29410
243,29413
243,29416
243,29418
243,29434
243,38486
243,38489
243,38501
243,39619
243,39624
243,39638
243,39649
243,39700
243,39811
243,40000
243,40001
243,40072
243,40091
243,40141
243,40201
243,40203
244,06366
244,06369
244,06372
244,06374
244,06382
244,06385
244,06386
244,06388
244,06749
244,06754
244,06766
244,06774
244,06779
244,06780
244,06792
244,06794
244,06796
244,06800
244,06803
244,06808
244,06809
244,06822
244,39261
244,39264
245,39164
245,39167
245,39171
245,39179
245,39326
245,39340
245,39343
245,39345
245,39356
245,39359
245,39365
245,39387
245,39393
245,39397
245,39517
245,39519
245,39638
245,39646
246,06618
246,06621
246,06628
246,06632
246,06636
246,06638
246,06642
246,06647
246,06648
246,06654
246,06667
246,06675
246,06679
246,06682
246,06686
246,06688
246,06690
246,06700
246,06711
246,06712
246,06721
246,06722
246,06724
246,06729
247,06458
247,06461
247,06462
247,06463
247,06484
247,06485
247,06493
247,06502
247,06543
247,06548
247,38820
247,38822
247,38828
247,38829
247,38835
247,38836
247,38838
247,38855
247,38871
247,38875
247,38877
247,38879
247,38889
247,38895
247,38899
247,39016
247,39049
247,39397
248,39175
248,39217
248,39245
248,39264
248,39279
248,39283
248,39288
248,39291
248,39307
248,39317
248,39319
249,06295
249,06300
249,06301
249,06305
249,06306
249,06308
249,06311
249,06313
249,06314
249,06317
249,06330
249,06333
249,06335
249,06342
249,06343
249,06347
249,06456
249,06526
249,06528
249,06536
249,06537
249,06542
250,06179
250,06181
250,06184
250,06188
250,06193
250,06197
250,06198
250,06200
250,06210
250,06211
250,06217
250,06218
250,06221
250,06227
250,06231
250,06237
250,06242
250,06246
250,06249
250,06255
250,06258
250,06259
250,06261
250,06268
250,06279
250,06287
250,06291
250,06632
251,06406
251,06408
251,06412
251,06416
251,06420
251,06425
251,06429
251,06430
251,06449
251,06464
251,06466
251,06467
251,06469
251,06471
251,06479
251,39217
251,39218
251,39221
251,39240
251,39249
251,39418
251,39435
251,39439
251,39443
251,39444
251,39446
251,39448
252,14715
252,39517
252,39519
252,39524
252,39539
252,39576
252,39579
252,39590
252,39596
252,39606
252,39615
252,39628
252,39629
252,39637
253,06772
253,06773
253,06785
253,06791
253,06868
253,06869
253,06886
253,06888
253,06889
253,06890
253,06895
253,06901
253,06905
253,06911
253,06914
253,06917
253,06918
253,06925
253,06931
253,06933
253,06987
253,06991
253,07010
253,07014
253,07100
253,07101
253,07131
253,07160
253,07180
253,07181
253,07189
253,07260
254,99084
254,99085
254,99086
254,99087
254,99089
254,99090
254,99091
254,99092
254,99094
254,99095
254,99096
254,99097
254,99098
254,99099
255,07545
255,07546
255,07548
255,07549
255,07551
255,07552
255,07554
255,07557
256,07743
256,07745
256,07747
256,07749
256,07751
256,07752
257,98527
257,98528
257,98529
257,98530
257,98711
258,99423
258,99425
258,99427
258,99428
258,99431
258,99437
259,37308
259,37312
259,37318
259,37327
259,37339
259,37341
259,37345
259,37351
259,37355
259,37356
259,37359
259,37401
260,99734
260,99735
260,99752
260,99755
260,99759
260,99765
260,99768
261,36404
261,36414
261,36419
261,36433
261,36448
261,36452
261,36456
261,36457
261,36460
261,36466
261,36469
261,37005
261,99817
261,99819
261,99820
261,99826
261,99830
261,99831
261,99834
261,99837
261,99842
261,99846
261,99848
262,99947
262,99955
262,99958
262,99974
262,99976
262,99986
262,99988
262,99991
262,99994
262,99996
262,99998
262,99999
263,06556
263,06560
263,06567
263,06571
263,06577
263,06578
263,06600
263,06604
263,99706
263,99707
263,99713
263,99718
264,98530
264,98544
264,98547
264,98554
264,98559
264,98574
264,98587
264,98590
264,98593
264,98596
264,98597
264,98599
264,98617
264,98631
264,98634
264,98639
265,99100
265,99192
265,99867
265,99869
265,99880
265,99885
265,99887
265,99891
265,99894
265,99897
265,99958
266,06578
266,06600
266,06604
266,99189
266,99195
266,99198
266,99218
266,99236
266,99610
266,99625
266,99628
266,99631
266,99634
266,99636
266,99638
266,99701
267,98530
267,98553
267,98630
267,98646
267,98660
267,98663
267,98666
267,98667
267,98669
267,98673
267,98679
268,98559
268,98693
268,98694
268,98701
268,98711
268,98716
268,99102
268,99168
268,99310
268,99326
268,99330
268,99331
268,99334
268,99338
268,99401
269,99102
269,99168
269,99198
269,99218
269,99236
269,99428
269,99431
269,99437
269,99438
269,99439
269,99441
269,99444
269,99448
269,99501
269,99510
269,99518
269,99544
269,99577
270,96515
270,96523
270,96524
270,96528
270,96529
270,98724
270,98746
270,98749
270,98888
271,07318
271,07330
271,07333
271,07336
271,07338
271,07349
271,07407
271,07422
271,07426
271,07427
271,07429
271,07434
271,07501
271,98724
271,98743
271,98744
271,98746
271,98749
271,98888
272,07607
272,07613
272,07616
272,07619
272,07620
272,07629
272,07639
272,07646
272,07703
272,07751
272,07752
272,07768
272,07774
272,07778
272,07801
273,07343
273,07356
273,07366
273,07368
273,07381
273,07387
273,07389
273,07404
273,07406
273,07806
273,07819
273,07907
273,07919
273,07922
273,07924
273,07926
273,07927
273,07929
274,07554
274,07557
274,07570
274,07580
274,07586
274,07589
274,07590
274,07602
274,07937
274,07950
274,07955
274,07957
274,07958
274,07973
274,07980
274,07987
274,08004
274,08005
274,08008
274,08010
274,08029
274,08041
274,08047
274,08048
274,08055
275,04600
275,04603
275,04610
275,04611
275,04613
275,04617
275,04618
275,04626
275,04639
277,49377
277,49393
277,49401
277,49413
277,49424
277,49429
277,49434
277,49439
277,49451
277,49456
278,26349
278,26368
278,26919
278,26931
278,26935
278,26936
278,26937
278,26939
278,26954
278,26969
278,27000
278,27804
278,27809
278,28000
278,28025
278,28036
278,28040
278,28041
278,28046
279,26409
279,26427
279,26446
279,26465
279,26474
279,26487
279,26489
279,26556
280,28195
280,28197
280,28199
280,28201
280,28203
280,28205
280,28207
280,28209
280,28211
280,28213
280,28215
280,28217
280,28218
280,28219
280,28235
280,28237
280,28239
280,28259
280,28276
280,28277
280,28279
280,28301
280,28307
280,28309
280,28317
280,28325
280,28327
280,28329
280,28337
280,28355
280,28357
280,28359
280,28446
280,28717
280,28719
280,28755
280,28757
280,28759
280,28777
280,28779
281,27568
281,27570
281,27572
281,27574
281,27576
281,27578
281,27580
282,40210
282,40211
282,40212
282,40213
282,40215
282,40217
282,40219
282,40221
282,40223
282,40225
282,40227
282,40229
282,40231
282,40233
282,40235
282,40237
282,40239
282,40299
282,40337
282,40468
282,40469
282,40470
282,40471
282,40472
282,40474
282,40476
282,40477
282,40479
282,40489
282,40507
282,40541
282,40542
282,40545
282,40547
282,40549
282,40559
282,40565
282,40589
282,40591
282,40592
282,40593
282,40595
282,40597
282,40599
282,40624
282,40625
282,40627
282,40629
282,40637
283,47051
283,47053
283,47055
283,47057
283,47058
283,47059
283,47097
283,47107
283,47119
283,47137
283,47138
283,47139
283,47142
283,47149
283,47166
283,47167
283,47169
283,47176
283,47178
283,47179
283,47187
283,47193
283,47198
283,47199
283,47201
283,47210
283,47226
283,47228
283,47229
283,47239
283,47249
283,47259
283,47260
283,47269
283,47279
283,47319
283,47411
284,45127
284,45128
284,45130
284,45131
284,45133
284,45134
284,45136
284,45137
284,45138
284,45139
284,45141
284,45143
284,45144
284,45145
284,45147
284,45149
284,45219
284,45239
284,45245
284,45249
284,45257
284,45259
284,45276
284,45277
284,45279
284,45289
284,45307
284,45309
284,45310
284,45326
284,45327
284,45329
284,45355
284,45356
284,45357
284,45359
284,45408
284,45438
285,47798
285,47799
285,47800
285,47802
285,47803
285,47804
285,47805
285,47807
285,47809
285,47826
285,47829
285,47839
286,41061
286,41062
286,41063
286,41065
286,41066
286,41068
286,41069
286,41169
286,41179
286,41188
286,41189
286,41190
286,41191
286,41199
286,41236
286,41238
286,41239
286,41283
286,41325
286,41328
287,45468
287,45470
287,45472
287,45473
287,45475
287,45476
287,45478
287,45479
287,45481
287,45518
287,45523
288,46045
288,46046
288,46047
288,46049
288,46059
288,46117
288,46119
288,46145
288,46147
288,46149
288,46160
288,46167
289,42853
289,42855
289,42857
289,42859
289,42867
289,42881
289,42897
289,42899
289,42920
290,42651
290,42653
290,42655
290,42657
290,42659
290,42679
290,42697
290,42699
290,42719
290,42721
290,42751
291,42103
291,42105
291,42107
291,42109
291,42111
291,42113
291,42115
291,42117
291,42119
291,42148
291,42195
291,42220
291,42243
291,42275
291,42277
291,42279
291,42281
291,42283
291,42285
291,42287
291,42289
291,42327
291,42329
291,42349
291,42359
291,42363
291,42369
291,42379
291,42389
291,42399
291,42420
291,42459
292,46446
292,46459
292,46475
292,47509
292,47529
292,47533
292,47546
292,47547
292,47551
292,47559
292,47574
292,47589
292,47608
292,47609
292,47623
292,47624
292,47625
292,47626
292,47627
292,47638
292,47647
292,47649
292,47652
292,47661
292,47669
292,47748
293,40699
293,40707
293,40708
293,40721
293,40723
293,40724
293,40746
293,40764
293,40769
293,40789
293,40804
293,40808
293,40811
293,40822
293,40837
293,40857
293,40877
293,40878
293,40880
293,40882
293,40883
293,40885
293,40886
293,40911
293,41006
293,42489
293,42549
293,42551
293,42552
293,42553
293,42555
293,42567
293,42570
293,42579
293,42649
293,42781
294,40667
294,40668
294,40670
294,40672
294,40677
294,41352
294,41363
294,41460
294,41462
294,41464
294,41466
294,41468
294,41469
294,41470
294,41472
294,41501
294,41503
294,41515
294,41516
294,41517
294,41529
294,41538
294,41539
294,41540
294,41541
294,41542
294,41562
294,41564
294,41569
294,41588
294,41706
294,41719
294,41721
295,41334
295,41336
295,41366
295,41372
295,41379
295,41404
295,41450
295,41747
295,41748
295,41749
295,41751
295,41758
295,41779
295,47877
295,47906
295,47918
295,47929
295,47951
295,48022
295,48030
295,48100
295,48136
296,46483
296,46484
296,46485
296,46487
296,46492
296,46499
296,46509
296,46514
296,46519
296,46521
296,46525
296,46535
296,46537
296,46539
296,46549
296,46562
296,46569
296,46711
296,46762
296,47032
296,47049
296,47441
296,47443
296,47445
296,47447
296,47475
296,47478
296,47495
296,47506
296,47665
297,53111
297,53113
297,53115
297,53117
297,53119
297,53121
297,53123
297,53125
297,53127
297,53129
297,53132
297,53133
297,53137
297,53170
297,53171
297,53173
297,53175
297,53177
297,53179
297,53182
297,53184
297,53188
297,53225
297,53227
297,53229
297,53315
297,53320
297,53322
298,50667
298,50668
298,50669
298,50670
298,50672
298,50673
298,50674
298,50675
298,50676
298,50677
298,50678
298,50679
298,50681
298,50687
298,50696
298,50697
298,50705
298,50724
298,50727
298,50733
298,50735
298,50737
298,50739
298,50746
298,50764
298,50765
298,50766
298,50767
298,50768
298,50769
298,50773
298,50775
300,21039
300,21072
300,21465
300,21481
300,21483
300,21493
300,21502
300,21514
300,21516
300,21521
300,21524
300,21526
300,21527
300,21529
300,22929
300,22958
300,22959
300,23627
300,23628
300,23847
300,23848
300,23860
300,23879
300,23881
300,23883
300,23896
300,23898
300,23899
300,23909
300,23911
300,23919
301,25813
301,25821
301,25826
301,25832
301,25836
301,25840
301,25842
301,25845
301,25849
301,25850
301,25852
301,25853
301,25855
301,25856
301,25858
301,25859
301,25860
301,25862
301,25863
301,25864
301,25866
301,25867
301,25869
301,25870
301,25872
301,25873
301,25876
301,25878
301,25881
301,25882
301,25884
301,25885
301,25887
301,25889
301,25899
301,25917
301,25920
301,25923
301,25924
301,25926
301,25927
301,25938
301,25946
301,25980
301,25992
301,25996
301,25997
301,25999
301,26026
303,35305
303,35321
303,35390
303,35392
303,35394
303,35396
303,35398
303,35399
303,35410
303,35415
303,35418
303,35423
303,35428
303,35435
303,35440
303,35441
303,35444
303,35447
303,35448
303,35452
303,35457
303,35460
303,35463
303,35466
303,35469
303,35474
304,35576
304,35578
304,35579
304,35580
304,35581
304,35582
304,35583
304,35584
304,35585
304,35586
304,35601
304,35606
304,35614
304,35619
304,35625
304,35630
304,35633
304,35638
304,35641
304,35644
304,35647
304,35649
304,35683
304,35684
304,35685
304,35686
304,35687
304,35688
304,35689
304,35690
304,35708
304,35709
304,35713
304,35716
304,35745
304,35751
304,35753
304,35756
304,35759
304,35764
304,35767
304,35768
306,24211
306,24217
306,24220
306,24222
306,24223
306,24226
306,24232
306,24235
306,24238
306,24245
306,24248
306,24250
306,24253
306,24256
306,24257
306,24306
306,24321
306,24326
306,24327
306,24329
306,24601
306,24619
306,24620
306,24625
306,24637
307,24107
307,24109
307,24113
307,24119
307,24161
307,24214
307,24220
307,24229
307,24239
307,24241
307,24242
307,24244
307,24247
307,24251
307,24254
307,24259
307,24340
307,24351
307,24354
307,24357
307,24358
307,24360
307,24361
307,24363
307,24364
307,24366
307,24367
307,24369
307,24398
307,24582
307,24589
307,24594
307,24613
307,24622
307,24625
307,24631
307,24634
307,24644
307,24646
307,24647
307,24768
307,24782
307,24783
307,24784
307,24787
307,24790
307,24791
307,24793
307,24794
307,24796
307,24797
307,24799
307,24800
307,24802
307,24805
307,24806
307,24808
307,24809
307,24811
307,24813
307,24814
307,24816
307,24819
307,24834
307,25557
307,25575
307,25585
307,25590
309,35781
309,35789
309,35792
309,35794
309,35796
309,35799
309,35801
309,36001
309,36009
309,36034
309,65520
309,65521
309,65549
309,65550
309,65551
309,65552
309,65553
309,65554
309,65555
309,65556
309,65557
309,65589
309,65594
309,65596
309,65597
309,65599
309,65604
309,65606
309,65611
309,65614
309,65618
309,65620
309,65627
310,35037
310,35039
310,35041
310,35043
310,35075
310,35076
310,35080
310,35083
310,35085
310,35091
310,35094
310,35096
310,35102
310,35112
310,35117
310,35216
310,35232
310,35236
310,35239
310,35260
310,35274
310,35279
310,35282
310,35287
310,35288
310,35301
310,35302
310,35719
311,35315
311,35325
311,35327
311,35329
311,35354
311,36110
311,36304
311,36318
311,36320
311,36323
311,36325
311,36326
311,36329
311,36341
311,36355
311,36358
311,36367
311,36369
311,36399
311,36401
311,63679
313,22844
313,22846
313,22848
313,22850
313,22851
313,23719
313,23795
313,23812
313,23813
313,23815
313,23816
313,23818
313,23820
313,23821
313,23823
313,23824
313,23826
313,23827
313,23829
313,23842
313,23845
313,23863
313,23866
313,23867
313,24326
313,24558
313,24568
313,24576
313,24579
313,24598
313,24610
313,24616
313,24619
313,24623
313,24626
313,24628
313,24629
313,24632
313,24635
313,24638
313,24640
313,24641
313,24643
313,24649
313,24754
313,25479
313,25486
313,25563
314,24616
314,25335
314,25348
314,25358
314,25361
314,25368
314,25376
314,25377
314,25379
314,25524
314,25548
314,25551
314,25554
314,25560
314,25563
314,25566
314,25569
314,25572
314,25573
314,25576
314,25578
314,25579
314,25581
314,25582
314,25584
314,25587
314,25588
314,25591
314,25593
314,25594
314,25596
314,25597
314,25599
316,20144
316,20146
316,20148
316,20149
316,20246
316,20249
316,20253
316,20255
316,20257
316,20259
316,20350
316,20352
316,20353
316,20354
316,20357
316,22453
316,22455
316,22457
316,22459
316,22523
316,22525
316,22527
316,22529
316,22769
317,20095
317,20097
317,20099
317,20122
317,20132
317,20136
317,20354
317,20355
317,20357
317,20359
317,20403
317,20457
317,20459
317,20475
317,20533
317,20535
317,20537
317,20539
317,20614
317,20813
317,21000
317,21005
317,21107
317,21109
317,21129
317,22111
317,22113
317,22115
317,22117
317,22119
317,22129
317,22767
317,27499
317,27560
318,20249
318,20251
318,22049
318,22074
318,22081
318,22083
318,22085
318,22087
318,22297
318,22299
318,22301
318,22303
318,22305
318,22307
318,22309
318,22335
318,22337
318,22339
318,22415
318,22417
318,22419
318,22451
318,22453
319,21073
319,21075
319,21077
319,21079
319,21104
319,21129
319,21147
319,21149
319,21191
319,21207
320,22041
320,22043
320,22045
320,22047
320,22049
320,22074
320,22089
320,22143
320,22145
320,22147
320,22149
320,22155
320,22159
320,22172
320,22175
320,22177
320,22179
320,22222
320,22237
320,22289
320,22291
320,22309
320,22339
320,22359
320,22387
320,22391
320,22393
320,22395
320,22397
320,22399
321,38100
321,38102
321,38104
321,38106
321,38108
321,38110
321,38112
321,38114
321,38116
321,38118
321,38120
321,38122
321,38124
321,38126
322,38226
322,38228
322,38229
322,38239
322,38259
323,38440
323,38441
323,38442
323,38444
323,38446
323,38448
323,38451
324,29365
324,29367
324,29369
324,29378
324,29379
324,29386
324,29392
324,29393
324,29396
324,29399
325,50793
325,50819
325,50820
325,50823
325,50825
325,50827
325,50829
325,50832
325,50833
325,50835
325,50858
325,50859
325,50868
325,50877
325,50887
325,50895
325,50907
325,50923
325,50931
325,50933
325,50935
325,50937
325,50939
325,50968
325,50969
325,50973
325,50978
325,50982
325,50986
325,50989
325,50993
325,50996
325,50997
325,50999
325,51027
325,51061
325,51063
325,51065
325,51067
325,51068
325,51069
325,51093
325,51100
325,51103
325,51105
325,51106
325,51107
325,51109
325,51127
325,51130
325,51143
325,51145
325,51147
325,51149
325,51154
325,51157
325,51173
325,51243
325,51301
325,51368
326,51371
326,51373
326,51375
326,51376
326,51377
326,51379
326,51381
326,51393
327,52062
327,52064
327,52066
327,52068
327,52070
327,52072
327,52074
327,52076
327,52078
327,52080
327,52119
327,52134
327,52146
327,52152
327,52156
327,52159
327,52166
327,52210
327,52222
327,52223
327,52224
327,52249
327,52319
327,52477
327,52499
328,52349
328,52351
328,52353
328,52355
328,52372
328,52373
328,52379
328,52382
328,52385
328,52386
328,52388
328,52391
328,52392
328,52393
328,52396
328,52399
328,52406
328,52428
328,52441
328,52445
328,52446
328,52449
328,52455
328,52457
328,52459
328,52468
329,50126
329,50127
329,50129
329,50139
329,50163
329,50169
329,50170
329,50171
329,50172
329,50181
329,50188
329,50189
329,50190
329,50191
329,50197
329,50199
329,50217
329,50221
329,50226
329,50253
329,50259
329,50289
329,50308
329,50321
329,50322
329,50334
329,50344
329,50347
329,50353
329,50354
329,50355
329,50359
329,50374
329,50375
329,50379
329,50380
329,50381
329,50389
329,50398
329,50514
329,50529
329,50567
329,50569
329,50614
329,50657
329,50659
330,53879
330,53881
330,53894
330,53897
330,53902
330,53905
330,53909
330,53919
330,53925
330,53937
330,53940
330,53945
330,53946
330,53947
330,53949
330,53954
330,53999
330,54000
330,54215
330,54249
331,41812
331,41836
331,41844
331,41849
331,42000
331,42004
331,52511
331,52525
331,52531
331,52535
331,52538
331,52789
331,52897
331,52929
331,52955
331,53054
332,42477
332,42499
332,42506
334,34346
334,34355
334,37073
334,37075
334,37077
334,37079
334,37081
334,37083
334,37085
334,37115
334,37120
334,37124
334,37127
334,37130
334,37133
334,37136
334,37139
334,37141
334,37143
334,37197
334,37199
334,37200
334,37412
334,37431
334,37434
334,37441
334,37445
334,37447
334,37449
334,37520
334,37539
335,30159
335,30161
335,30163
335,30165
335,30167
335,30169
335,30171
335,30173
335,30175
335,30177
335,30179
335,30247
335,30248
335,30249
335,30252
335,30256
335,30258
335,30259
335,30260
335,30310
335,30419
335,30422
335,30449
335,30451
335,30453
335,30455
335,30457
335,30459
335,30519
335,30521
335,30525
335,30539
335,30559
335,30566
335,30583
335,30593
335,30599
335,30625
335,30627
335,30629
335,30638
335,30655
335,30657
335,30659
335,30665
335,30669
335,30698
335,30820
335,30823
335,30826
335,30827
335,30851
335,30853
335,30855
335,30880
335,30881
335,30882
335,30890
335,30891
335,30900
335,30916
335,30923
335,30926
335,30938
335,30952
335,30966
335,30974
335,30980
335,30982
335,30989
335,31001
335,31002
335,31275
335,31303
335,31311
335,31319
335,31407
335,31479
335,31512
335,31515
335,31535
335,31832
336,27211
336,27232
336,27234
336,27239
336,27245
336,27246
336,27248
336,27249
336,27251
336,27252
336,27254
336,27257
336,27259
336,27305
336,27327
336,27330
336,28816
336,28826
336,28844
336,28857
336,49356
336,49406
336,49419
336,49448
336,49453
336,49457
336,49459
337,31020
337,31785
337,31787
337,31789
337,31812
337,31840
338,42511
338,42530
338,42533
338,51545
338,51567
338,51580
338,51588
338,51597
338,51643
338,51645
338,51647
338,51674
338,51688
338,51702
338,51708
338,51709
338,51739
338,51752
338,51766
338,51789
338,51974
338,52000
338,52006
338,52047
338,52058
338,52060
339,42799
339,42929
339,43000
339,43100
339,43155
339,43545
339,44000
339,44028
339,44064
339,44134
339,51399
339,51427
339,51429
339,51462
339,51465
339,51467
339,51468
339,51469
339,51479
339,51491
339,51503
339,51504
339,51515
339,51519
340,51570
340,53332
340,53340
340,53343
340,53347
340,53359
340,53604
340,53639
340,53721
340,53733
340,53737
340,53754
340,53757
340,53773
340,53783
340,53797
340,53802
340,53804
340,53809
340,53819
340,53824
340,53832
340,53840
340,53842
340,53844
340,53849
340,53854
340,53859
340,53877
340,53878
340,53913
341,46236
341,46238
341,46240
341,46242
341,46243
341,46244
341,46251
342,45879
342,45881
342,45883
342,45884
342,45886
342,45888
342,45889
342,45891
342,45892
342,45894
342,45896
342,45897
342,45899
343,48143
343,48145
343,48147
343,48149
343,48151
343,48153
343,48155
343,48157
343,48159
343,48161
343,48163
343,48165
343,48167
343,48213
344,46325
344,46342
344,46348
344,46354
344,46359
344,46395
344,46397
344,46399
344,46414
344,46419
344,48599
344,48619
344,48624
344,48683
344,48691
344,48698
344,48703
344,48712
344,48734
344,48739
344,48751
344,48828
344,48836
344,48878
344,48965
344,49000
344,49049
344,49067
345,48249
345,48301
345,48308
345,48329
345,48653
345,48656
345,48664
345,48720
345,48727
345,59348
345,59387
345,59394
345,59399
346,44575
346,44577
346,44578
346,44579
346,44581
346,45657
346,45659
346,45660
346,45661
346,45663
346,45665
346,45667
346,45669
346,45685
346,45699
346,45701
346,45703
346,45711
346,45721
346,45722
346,45731
346,45739
346,45768
346,45770
346,45771
346,45772
346,45801
346,45854
346,45869
346,45964
346,45966
346,45968
346,45977
348,29221
348,29223
348,29225
348,29227
348,29229
348,29303
348,29308
348,29313
348,29320
348,29323
348,29328
348,29331
348,29336
348,29339
348,29342
348,29345
348,29348
348,29351
348,29352
348,29353
348,29355
348,29356
348,29358
348,29359
348,29361
348,29362
348,29364
349,21745
349,21755
349,21756
349,21762
349,21763
349,21765
349,21769
349,21770
349,21772
349,21775
349,21776
349,21781
349,21782
349,21785
349,21787
349,21789
349,22001
349,22039
349,27472
349,27474
349,27476
349,27478
349,27607
349,27612
349,27616
349,27619
349,27624
349,27628
349,27637
349,27638
349,27639
350,21217
350,21218
350,21220
350,21224
350,21227
350,21228
350,21233
350,21244
350,21255
350,21256
350,21258
350,21259
350,21261
350,21266
350,21271
350,21272
350,21274
350,21279
350,21312
350,21376
350,21395
350,21423
350,21435
350,21436
350,21438
350,21439
350,21441
350,21442
350,21444
350,21445
350,21629
350,21646
350,21647
350,21649
351,19273
351,19285
351,21335
351,21337
351,21339
351,21354
351,21357
351,21358
351,21360
351,21365
351,21368
351,21369
351,21371
351,21379
351,21380
351,21382
351,21385
351,21386
351,21388
351,21391
351,21394
351,21397
351,21398
351,21400
351,21401
351,21403
351,21406
351,21407
351,21409
351,21414
351,21447
351,21449
351,21522
352,45983
352,45986
352,45996
352,46001
352,46017
352,46018
352,46282
352,46284
352,46286
353,48268
353,48282
353,48341
353,48342
353,48356
353,48366
353,48369
353,48429
353,48431
353,48432
353,48445
353,48477
353,48485
353,48493
353,48496
353,48565
353,48607
353,48612
353,48629
353,49477
353,49479
353,49480
353,49492
353,49493
353,49497
353,49504
353,49506
353,49509
353,49525
353,49536
353,49545
353,49549
354,48231
354,48232
354,48291
354,48317
354,48321
354,48324
354,48336
354,48346
354,48351
354,48361
354,48363
354,59227
354,59229
354,59269
354,59302
354,59320
354,59329
354,59332
355,33602
355,33604
355,33605
355,33607
355,33609
355,33611
355,33613
355,33615
355,33617
355,33619
355,33625
355,33647
355,33649
355,33658
355,33659
355,33689
355,33692
355,33695
355,33699
355,33719
355,33729
355,33739
356,33330
356,33332
356,33333
356,33334
356,33335
356,33339
356,33340
356,33351
356,33375
356,33376
356,33378
356,33379
356,33386
356,33397
356,33412
356,33415
356,33428
356,33441
356,33442
356,33449
356,33483
356,33515
356,33758
356,33775
356,33790
356,33803
356,33804
356,33824
356,33829
356,33869
356,33893
356,34000
356,34004
357,32049
357,32051
357,32052
357,32120
357,32130
357,32139
357,32257
357,32278
357,32286
357,32289
357,32300
357,32584
357,32602
358,32839
358,33014
358,33022
358,33034
358,33039
358,33062
358,34414
358,34434
358,34439
358,37671
358,37675
358,37686
358,37688
358,37696
359,32105
359,32107
359,32108
359,32109
359,32113
359,32657
359,32676
359,32683
359,32689
359,32694
359,32698
359,32699
359,32705
359,32756
359,32758
359,32760
359,32791
359,32805
359,32816
359,32825
359,32829
359,32832
359,33189
359,33241
359,33813
359,33818
360,29481
360,29482
360,29484
360,29485
360,29487
360,29488
360,29490
360,29491
360,29493
360,29494
360,29496
360,29497
360,29499
360,29503
360,29525
360,29539
360,29549
360,29553
360,29556
360,29559
360,29562
360,29565
360,29568
360,29571
360,29574
360,29575
360,29576
360,29578
360,29579
360,29581
360,29582
360,29584
360,29585
360,29587
360,29588
360,29590
360,29591
360,29593
360,29594
360,29597
360,29599
360,29604
360,29612
361,27283
361,27299
361,27308
361,27313
361,27321
361,27337
361,27339
361,28832
361,28839
361,28870
361,28876
362,27749
362,27751
362,27753
362,27755
362,27767
363,26721
363,26723
363,26725
364,26121
364,26122
364,26123
364,26125
364,26127
364,26129
364,26131
364,26133
364,26135
364,26139
365,26382
365,26384
365,26386
365,26388
365,26389
366,26160
366,26180
366,26188
366,26189
366,26196
366,26215
366,26655
366,26689
367,26506
367,26524
367,26529
367,26532
367,26548
367,26553
367,26571
367,26579
367,26600
367,26603
367,26605
367,26607
367,26624
367,26625
367,26629
367,26632
367,26639
367,26736
367,26759
368,26169
368,26219
368,26220
368,26676
368,26683
368,49624
368,49632
368,49661
368,49677
368,49681
368,49685
368,49688
368,49692
368,49696
368,49699
368,49701
369,26871
369,26882
369,26892
369,26893
369,26897
369,26898
369,26899
369,26901
369,26903
369,26904
369,26906
369,26907
369,26909
369,48480
369,48488
369,48499
369,48501
369,48509
369,49716
369,49733
371,32312
371,32314
371,32315
371,32316
371,32326
371,32339
371,32351
371,32361
371,32369
371,32390
371,32423
371,32424
371,32425
371,32427
371,32429
371,32440
371,32445
371,32457
371,32459
371,32465
371,32469
371,32478
371,32479
371,32542
371,32545
371,32547
371,32549
371,32564
371,32609
371,32647
372,33098
372,33100
372,33102
372,33104
372,33106
372,33123
372,33129
372,33142
372,33154
372,33161
372,33165
372,33175
372,33178
372,33181
372,33184
373,44787
373,44789
373,44791
373,44793
373,44795
373,44797
373,44799
373,44801
373,44803
373,44804
373,44805
373,44806
373,44807
373,44809
373,44860
373,44866
373,44867
373,44869
373,44878
373,44879
373,44890
373,44891
373,44892
373,44894
373,44899
373,44966
373,45033
373,45037
373,45047
373,45079
373,45082
373,45117
374,44135
374,44137
374,44139
374,44141
374,44143
374,44145
374,44147
374,44149
374,44187
374,44194
374,44225
374,44227
374,44229
374,44239
374,44250
374,44263
374,44265
374,44267
374,44269
374,44277
374,44285
374,44287
374,44289
374,44309
374,44319
374,44328
374,44329
374,44339
374,44357
374,44359
374,44369
374,44379
374,44388
374,44501
375,58089
375,58091
375,58092
375,58093
375,58095
375,58097
375,58098
375,58099
375,58100
375,58102
375,58103
375,58104
375,58106
375,58107
375,58119
375,58126
375,58135
376,59063
376,59065
376,59067
376,59069
376,59071
376,59073
376,59075
376,59077
376,59102
376,59124
376,59172
377,44623
377,44625
377,44627
377,44628
377,44629
377,44633
377,44649
377,44651
377,44652
377,44653
377,44659
377,44663
377,44691
377,44702
377,44709
377,44779
378,42399
378,42420
378,42459
378,45525
378,45527
378,45529
378,45549
378,45651
378,45655
378,58256
378,58259
378,58265
378,58282
378,58283
378,58285
378,58300
378,58313
378,58314
378,58322
378,58330
378,58332
378,58339
378,58360
378,58422
378,58448
378,58452
378,58453
378,58454
378,58455
378,58456
378,58500
379,34431
379,57392
379,59755
379,59757
379,59759
379,59791
379,59821
379,59823
379,59846
379,59863
379,59870
379,59872
379,59889
379,59909
379,59927
379,59929
379,59939
379,59955
379,59964
379,59969
379,60010
379,60038
379,60303
380,58507
380,58509
380,58510
380,58511
380,58513
380,58515
380,58540
380,58541
380,58553
380,58566
380,58579
380,58636
380,58638
380,58640
380,58642
380,58644
380,58675
380,58701
380,58705
380,58706
380,58708
380,58709
380,58710
380,58762
380,58769
380,58791
380,58802
380,58809
380,58840
380,58849
380,58901
381,57368
381,57399
381,57413
381,57439
381,57460
381,57462
381,57470
381,57482
381,57489
381,57510
382,57072
382,57074
382,57076
382,57078
382,57080
382,57147
382,57200
382,57202
382,57223
382,57228
382,57229
382,57233
382,57234
382,57250
382,57258
382,57271
382,57290
382,57299
382,57319
382,57334
382,57339
382,57350
383,58739
383,59457
383,59469
383,59494
383,59505
383,59510
383,59514
383,59519
383,59555
383,59556
383,59557
383,59558
383,59581
383,59590
383,59597
383,59602
383,59609
383,59674
383,59730
383,59739
384,44532
384,44534
384,44536
384,44539
384,44541
384,44542
384,44543
384,44549
384,44554
384,44562
384,44563
384,58239
384,58730
384,59174
384,59192
384,59194
384,59199
384,59203
384,59368
384,59369
384,59379
384,59423
384,59425
384,59427
384,59439
385,60306
385,60308
385,60310
385,60311
385,60313
385,60314
385,60316
385,60318
385,60320
385,60322
385,60323
385,60325
385,60326
385,60327
385,60329
385,60345
385,60385
385,60386
385,60388
385,60389
385,60431
385,60432
385,60433
385,60435
385,60437
385,60438
385,60439
385,60443
385,60448
385,60484
385,60485
385,60486
385,60487
385,60488
385,60489
385,60495
385,60521
385,60528
385,60529
385,60533
385,60548
385,60549
385,60582
385,60590
385,60594
385,60596
385,60598
385,60599
385,60727
385,65929
385,65931
385,65933
385,65934
385,65936
385,Frankfurt Bezirk 1
385,Frankfurt Bezirk 10
385,Frankfurt Bezirk 11
385,Frankfurt Bezirk 12
385,Frankfurt Bezirk 13
385,Frankfurt Bezirk 14
385,Frankfurt Bezirk 15
385,Frankfurt Bezirk 16
385,Frankfurt Bezirk 17
385,Frankfurt Bezirk 18
385,Frankfurt Bezirk 19
385,Frankfurt Bezirk 20
385,Frankfurt Bezirk 21
385,Frankfurt Bezirk 22
385,Frankfurt Bezirk 23
385,Frankfurt Bezirk 24
385,Frankfurt Bezirk 25
385,Frankfurt Bezirk 26
385,Frankfurt Bezirk 27
385,Frankfurt Bezirk 28
385,Frankfurt Bezirk 29
385,Frankfurt Bezirk 30
385,Frankfurt Bezirk 31
385,Frankfurt Bezirk 32
385,Frankfurt Bezirk 33
385,Frankfurt Bezirk 9
386,63065
386,63067
386,63069
386,63071
386,63073
386,63074
386,63075
386,63088
386,63105
387,55246
387,55252
387,65183
387,65185
387,65187
387,65189
387,65191
387,65193
387,65195
387,65197
387,65199
387,65201
387,65203
387,65205
387,65207
388,64625
388,64646
388,64653
388,64658
388,64668
388,64673
388,64678
388,64679
388,64683
388,64686
388,64689
388,64757
388,68519
388,68623
388,68642
388,68647
388,68649
388,68680
388,68706
388,69239
388,69434
388,69483
388,69488
388,69509
388,69517
388,69518
388,70011
388,70155
388,70171
389,64283
389,64285
389,64287
389,64289
389,64291
389,64293
389,64295
389,64297
389,64319
389,64331
389,64342
389,64347
389,64354
389,64367
389,64372
389,64380
389,64390
389,64397
389,64401
389,64404
389,64405
389,64409
389,64665
389,64807
389,64823
389,64832
389,64839
389,64846
389,64850
389,64853
389,64855
389,64859
389,64919
389,64930
389,65012
389,65154
389,Darmstadt Bezirk 1
389,Darmstadt Bezirk 2
389,Darmstadt Bezirk 3
389,Darmstadt Bezirk 4
389,Darmstadt Bezirk 5
389,Darmstadt Bezirk 6
390,64521
390,64528
390,64546
390,64560
390,64564
390,64569
390,64572
390,64579
390,64584
390,64586
390,64589
390,64601
390,65428
390,65451
390,65452
390,65462
390,65464
390,65468
390,65474
390,65479
390,65501
391,61250
391,61267
391,61273
391,61276
391,61279
391,61348
391,61350
391,61352
391,61381
391,61389
391,61440
391,61449
391,61462
391,61476
391,61479
391,62510
391,63039
392,36381
392,36389
392,36391
392,36393
392,36396
392,61130
392,61137
392,61138
392,63450
392,63452
392,63454
392,63456
392,63457
392,63477
392,63486
392,63505
392,63517
392,63518
392,63526
392,63528
392,63538
392,63543
392,63546
392,63549
392,63571
392,63579
392,63584
392,63589
392,63594
392,63599
392,63607
392,63611
392,63619
392,63628
392,63633
392,63636
392,63637
392,63639
393,65239
393,65439
393,65719
393,65760
393,65765
393,65779
393,65795
393,65812
393,65813
393,65817
393,65819
393,65824
393,65830
393,65835
393,65843
394,64385
394,64395
394,64407
394,64711
394,64720
394,64732
394,64739
394,64747
394,64750
394,64753
394,64756
394,64760
395,63110
395,63128
395,63150
395,63165
395,63170
395,63179
395,63220
395,63225
395,63236
395,63263
395,63303
395,63305
395,63322
395,63328
395,63329
395,63332
395,63412
395,63426
395,63432
395,63500
395,63512
395,63513
395,63533
396,65232
396,65307
396,65321
396,65326
396,65329
396,65343
396,65344
396,65345
396,65346
396,65347
396,65366
396,65375
396,65379
396,65385
396,65388
396,65391
396,65396
396,65399
396,65421
396,65423
396,65510
396,65527
396,65529
396,65540
397,35510
397,35516
397,35519
397,61118
397,61169
397,61184
397,61191
397,61194
397,61197
397,61200
397,61203
397,61206
397,61209
397,61231
397,61239
397,63654
397,63667
397,63674
397,63683
397,63688
397,63691
397,63694
397,63695
397,63697
397,63699
